burden_id,milestone,required_object,current_status,blocking_burden,accept_criteria,failure_or_freeze_criteria,last_evidence_path,updated_at,notes,control_status,mathematical_status,physical_status,promotion_status,overread_guard
source_ontology_primitives,source_ontology,selected primitive source arena compact draft/control theory target proposal-only Phi_src semantics one cubic amplitude dynamics candidate its structural background and coarse-graining analysis one exact provenance audit and one P5-T08 theorem-level synthesis with conditional tangent response factor-through-amplitude rank obstruction and typed P6 formalization input,accepted,generic source locality composition constraints conservation gauge probability independent local modes viable reconstruction phase local source data gluing characteristic operator source-invariant causal structure source-derived law and normalization selection and source-to-target reconstruction,canonical source-only boundary with explicit primitive debt no target import candidate-specific obstruction scope exact response theorem exact rank theorem reproducible validation explicit conditional-versus-positive-input split local-freeze scope and no physical overread,P6-T01 target formalization is allowed after checkpoint but positive geometry reconstruction and reopening the exact unchanged Q_amp route require new source data theorem variation class or protected decision,research_control/tasks/RT-20260726-001/artifacts/source_dynamics_milestone_synthesis_v1.tex,2026-07-26T07:41:26Z,continuum-first remains the canonical mainline research architecture; P5-T01 through P5-T07 remain proposal-only source-extension objects and candidate-specific mathematics; P5-T08 integrates those results proves the exact conditional tangent-response cocycle and a factor-through-amplitude rank bound and supplies P6 only a conditional response requirement and obstruction input; the P5 work item is completed with precise scoped obstruction and blocked adoption open continuation; no positive local geometry physical ontology source-law adoption or rejection time scale locality causality characteristic cone M_src g_eff matter coupling Einstein equations benchmark promotion global no-go or completed derivation is established,accepted_as_source_extension_data,scoped_obstruction,no_physical_interpretation_authorized,scoped_source_object_only,no_source_law_adoption;no_canonical_ontology_edit;no_metricdata_e_adoption;no_matter_coupling_adoption;no_benchmark_promotion;no_completed_derivation;no_global_theory_rejection;no_future_source_extension_impossibility
source_equivalence_eqsrc,source_equivalence_eqsrc,EqSrc,draft object exists,general equivalence under variations,theorem plus stress pass,freeze route,research_control/program_state.yaml,2026-06-17T15:46:25Z,general EqSrc remains undischarged,draft_control_object_exists,general_equivalence_theorem_missing,downstream_gr_blocked,draft_control_only,no_source_law_adoption;no_benchmark_promotion;no_completed_derivation
retain_h,source_equivalence_eqsrc,RetainH,blocked by missing primitive,canonical retention proof,retention theorem plus audit,freeze route,research_control/program_state.yaml,2026-06-17T15:46:25Z,no canonical RetainH adoption,blocked,primitive_missing,no_retention_law_adoption,none,no_source_law_adoption;no_benchmark_promotion;no_completed_derivation
gen_h,source_equivalence_eqsrc,GenH,blocked by missing primitive,canonical generator proof,generator theorem plus audit,freeze route,research_control/program_state.yaml,2026-06-17T15:46:25Z,no canonical GenH adoption,blocked,primitive_missing,no_generator_law_adoption,none,no_source_law_adoption;no_benchmark_promotion;no_completed_derivation
obsloc_lc,source_localization_obsloc_lc,ObsLoc_lc,constructive witness exists,robustness and exact-branch limits,concrete witness plus smuggling audit and Refuter stress,freeze route,research_control/tasks/RT-20260614-037/artifacts/58_LOCALIZATION_SOURCE_BASIS_AXIOM_SELECTOR_DOMAIN_EQSRC_ALTERNATIVE_BRANCH_FAMILY_GUARD_STABILITY_SOURCE_PACKET_SMUGGLING_AUDIT.tex,2026-06-17T15:46:25Z,local exact-branch witness only,constructive_witness_recorded,constructive_witness,local_exact_branch_only,draft_control_only,no_source_law_adoption;no_matter_coupling_derivation;no_benchmark_promotion;no_completed_derivation
resp_lc,response_localization_resp_lc,Resp_lc,accepted,response selector sign scale and token semantics,source-only witness or admissible extension,NDCL-RESP-LC-SELECTOR-UNDERDETERMINATION,research_control/tasks/RT-20260614-060/artifacts/101_RESP_LC_SOURCE_EXTENSION_HUMAN_GATE_ADOPTION_DECISION.tex,2026-06-18T03:11:32Z,Xi_X^R adopted only as admissible source-extension data for Resp_lc continuation through S_X^+; old S_X selector obstruction remains valid and downstream M_src g_eff matter coupling Einstein equations benchmark and completed-derivation claims remain blocked,accepted_as_source_extension_data,selector_data_source_extension,not_detector_semantics_not_matter_coupling,scoped_source_object_only,no_canonical_ontology_edit;no_matter_coupling_derivation;no_detector_semantics;no_einstein_equations;no_benchmark_promotion;no_completed_derivation
m_src,source_manifold_m_src,M_src,accepted,Scoped source-only M_src adoption granted for audited and stressed M_src^{GSC-cand}(E) under H1-H13 and fail-closed no-target-import discipline,Bounded effective_metric_g_eff preflight selector only before any metric-law construction,freeze route,research_control/tasks/RT-20260614-134/artifacts/165_M_SRC_GSC_INTEGRATED_SOURCE_ONLY_ADOPTION_THEOREM_GATE_CHAIR_REVIEW.tex,2026-06-24T22:49:32Z,Updated by RT-20260614-134 Phase 9 Gate Chair review to record scoped M_src adoption while g_eff matter coupling Einstein equations benchmark promotion and completed derivation remain blocked,gate_review_completed,scoped_source_only_adopted_object,not_target_manifold_not_metric_not_gr_derivation,scoped_source_object_only,no_metricdata_e_adoption;no_geff_scope_expansion;no_matter_coupling_derivation;no_einstein_equations;no_benchmark_promotion;no_completed_derivation
g_eff,effective_metric_g_eff,g_eff,accepted,Historical scoped source-extension g_eff object remains adopted only under declared source-side scope while P6-T01 defines a metric-free influence and characteristic target and shows unchanged P5 diagonal response does not select unique local influence,Derive one source-local propagation relation principal polynomial or causal order with provenance orientation operational meaning covariance robustness and no target-metric import,Freeze inference from unchanged P5 diagonal flow or symmetric response to unique region influence unless materially new source-local law data theorem variation class or protected decision is supplied,research_control/tasks/RT-20260726-002/artifacts/causal_characteristic_target_v1.tex,2026-07-26T09:33:36Z,P6-T01 adds a metric-free target response-support composition theorem exact proposal-only two-site nonselection theorem and Gate B obligation record while preserving the historical scoped g_eff verdict and blocking physical causality conformal class metric scale unscoped metric matter coupling Einstein equations benchmark promotion global no-go and completed derivation,gate_review_completed,scoped_source_extension_geff_object,not_unscoped_lorentzian_metric_not_matter_coupling_not_einstein_equations,scoped_source_object_only,no_source_law_adoption;no_metricdata_e_adoption;no_unscoped_geff_adoption;no_matter_coupling_derivation;no_einstein_equations;no_benchmark_promotion;no_completed_derivation;no_global_theory_rejection;no_future_source_extension_impossibility
matter_coupling,matter_coupling,universal coupling,accepted,PositiveMSProfile_v1 RR_ETransportCompletenessOrInvarianceLaw_v1 NarrowMSCertEq_v1 SourceCertificateAlgebraPrimitives_v1 and SourceCertificateOperationLaws_v1 are accepted or drafted only as scoped source-extension evidence/preconditions evidence-status draft/control certificate primitives or draft/control operation-law support under declared source-side and fail-closed scope while no source-law adoption no RR_ETransportCompletenessOrInvarianceLaw_v1 adoption no PositiveMSProfile_v1 adoption no SourceMatterSemanticsAdoptionReadinessLaw_v1 law adoption no source-extension data adoption beyond exact scoped gate result no matter-semantics adoption no detector-semantics adoption no coupling-law adoption no matter-coupling derivation no stress-energy semantics no matter action no MetricData(E) adoption no g_eff scope expansion no Einstein-equation premise no benchmark fit and no downstream promotion occurred,Run one bounded v15 P3-T03 certificate checklist integration packet before P4 matter-coupling DAG semantic-layer work matter-coupling Einstein-equation benchmark or promotion route,Do not treat scoped vocabulary alias maps current-frontier wording aliases scoped RR_ETransportCompletenessOrInvarianceLaw_v1 evidence acceptance PositiveMSProfile_v1 evidence acceptance NarrowMSCertEq_v1 scoped evidence-status Gate Chair review context source certificate primitive definitions source certificate operation laws selector readiness or checklist readiness as source-law adoption RR_ETransportCompletenessOrInvarianceLaw_v1 adoption PositiveMSProfile_v1 adoption SourceMatterSemanticsAdoptionReadinessLaw_v1 law adoption source-extension data adoption beyond exact scoped gate result matter-semantics adoption detector-semantics adoption coupling-law adoption matter coupling stress-energy semantics stress-energy tensor matter action Einstein equations benchmark promotion completed derivation future source-extension impossibility global theory rejection or checker proof authority; freeze if later packets repeat boundary synchronization scoped evidence/precondition wording theorem audit stress selector gate review vocabulary definitions primitive restatement operation-law restatement alias labels or renderer wording without materially new checklist integration linter route-selection repair obstruction or mathematical payload,research_control/tasks/RT-20260702-064/artifacts/source_certificate_operation_laws_v1.tex,2026-07-02T22:53:15Z,RT-20260702-064 proved draft/control conditional source certificate operation laws and fail-closed lemmas including identity declared-scope preservation compatible composition closure restriction closure malformed fail-closed target-import invalidity and the OB-P3T02-MISSING-CERT-RRE-SEPARATION-DATA branch. No source-law RR_ETransportCompletenessOrInvarianceLaw_v1 unrestricted RR_E theorem PositiveMSProfile SourceMatterSemanticsAdoptionReadinessLaw matter-semantics detector-semantics coupling-law matter-coupling stress-energy matter-action MetricData(E) g_eff Einstein-equation benchmark completed-derivation future-source-extension-impossibility or global-theory-rejection adoption or promotion occurred.,accepted_as_scoped_evidence_precondition,parameterized_finite_local_witness_precondition,not_matter_coupling_not_stress_energy_not_matter_action_not_detector_semantics,scoped_source_evidence_only,no_source_law_adoption;no_metricdata_e_adoption;no_geff_scope_expansion;no_coupling_law_adoption;no_matter_coupling_derivation;no_matter_coupling_adoption;no_stress_energy_semantics;no_stress_energy_tensor;no_matter_action;no_detector_semantics;no_einstein_equations;no_benchmark_promotion;no_completed_derivation;no_future_source_extension_impossibility;no_global_theory_rejection
einstein_equations,einstein_equations,field equations,not started,dynamics action or variation,derivation theorem,freeze route,research_control/program_state.yaml,2026-06-17T15:46:25Z,no Einstein-equation derivation supplied,not_started,dynamics_action_or_variation_missing,no_field_equation_derivation,none,no_einstein_equations;no_benchmark_promotion;no_completed_derivation
finite_variation_robustness,source_equivalence_eqsrc,finite variation robustness,Refuter stress passed,arbitrary finite-variation preservation beyond fail-closed proposal-only FVR_src^GSC interface,Phase 9 typed specification plus Var_reg_src preservation theorem and human gate before adoption,freeze route,research_control/tasks/RT-20260614-101/artifacts/142_RESP_LC_M_SRC_GSC_FINITE_VARIATION_ROBUSTNESS_LAW_REFUTER_STRESS_TEST.tex,2026-06-23T02:46:16Z,Proposal-only FVR_src^GSC survives named Refuter stress as fail-closed source-extension data while arbitrary robustness adoption M_src and downstream GR claims remain blocked,refuter_stress_passed,conditional_theorem_candidate,downstream_gr_blocked,draft_control_only,no_source_law_adoption;no_matter_coupling_derivation;no_benchmark_promotion;no_completed_derivation
benchmark_promotion,benchmark_promotion,exact-GR benchmark,blocked by missing primitive,all upstream derivation burdens,Gate Chair approval,human gate,research_control/program_state.yaml,2026-06-17T15:46:25Z,benchmark promotion remains blocked,blocked,upstream_burdens_missing,no_exact_gr_benchmark_promotion,none,no_benchmark_promotion;no_benchmark_gate_chair_closure;no_completed_derivation
gate_chair_status,benchmark_promotion,Gate Chair status,human-gated,protected verdict authority,explicit human-gated Gate Chair review,human gate,research_control/approvals/README.md,2026-06-17T15:46:25Z,Gate Chair review remains blocked,human_gated,protected_verdict_missing,no_benchmark_closure,human_gate_required,no_benchmark_gate_chair_closure;no_benchmark_promotion;no_completed_derivation
finite_toy_metric_response,finite_toy_metric_response,finite source-to-response toy model,frozen negative,minimal finite response analogue,source set response relation toy metric analogue and invariance checks,route frozen or redesigned before full GR,research_control/tasks/RT-20260614-055/artifacts/96_RESP_LC_FINITE_TOY_METRIC_RESPONSE_MODEL_REFUTER_STRESS_TEST.tex,2026-06-18T01:24:12Z,explicit-tag-only finite toy route failed tag-removal stress and is frozen locally,frozen_negative,tag_removal_obstruction,local_toy_route_frozen_not_global_theory_rejection,frozen_negative_no_promotion,no_geff_scope_expansion;no_matter_coupling_derivation;no_einstein_equations;no_benchmark_promotion;no_completed_derivation;no_global_theory_rejection;no_future_source_extension_impossibility
