topic_id,topic_name,required,status,primary_audience,source_spec_path,github_markdown_path,html_output_path,wiki_index_path,primary_sources,required_visuals,required_reader_blocks,teaching_packet_required,claim_boundary_id,owner_role,validation_status,notes
TOPIC-PROJECT-ATLAS,Project Atlas,true,active,human_and_agent,markdown/html-explainer-specs/project-overview-explainer.md,github-facing/project-overview-explainer.md,html/project-overview-explainer.html,wiki/html/html-project-overview-explainer.md,README.md;AGENTS.md;research_control/README.md;markdown/html-explainer-specs/source-authority-explainer.md;research_control/design/documentation_curator_visual_atlas_contract.md,project-atlas-map,what_this_does;why_aether_needs_it;system_map;how_it_works;objects_and_authority;example;non_example;common_confusions;what_this_does_not_authorize;source_map;next_reading_path,false,CB-DOCUMENTATION-CURATOR-VISUAL-ATLAS-V2-001,documentation-curator,PASS,Visual Atlas v2 topic coverage row; generated derivatives remain noncanonical.
TOPIC-AETHER-FLOW-PHYSICS-PROGRAM,AEther-Flow Physics Program,true,active,human_and_agent,markdown/html-explainer-specs/aether-flow-physics-program-explainer.md,github-facing/aether-flow-physics-program-explainer.md,html/aether-flow-physics-program-explainer.html,wiki/html/html-aether-flow-physics-program-explainer.md,README.md;AGENTS.md;ontology/aether-and-aether-flow.md;research_control/design/gr_derivation_burden_map.md;registries/CLAIM_BOUNDARY_REGISTRY.csv,physics-program-map,what_this_does;why_aether_needs_it;system_map;how_it_works;objects_and_authority;example;non_example;common_confusions;what_this_does_not_authorize;source_map;next_reading_path,false,CB-DOCUMENTATION-CURATOR-VISUAL-ATLAS-V2-001,documentation-curator,PASS,Visual Atlas v2 topic coverage row; generated derivatives remain noncanonical.
TOPIC-EXACT-GR-BENCHMARK-BOUNDARY,Exact-GR Benchmark Boundary,true,active,human_and_agent,markdown/html-explainer-specs/exact-gr-benchmark-boundary-explainer.md,github-facing/exact-gr-benchmark-boundary-explainer.md,html/exact-gr-benchmark-boundary-explainer.html,wiki/html/html-exact-gr-benchmark-boundary-explainer.md,README.md;AGENTS.md;ontology/aether-and-aether-flow.md;research_control/design/gr_derivation_burden_map.md;registries/CLAIM_BOUNDARY_REGISTRY.csv,exact-gr-boundary-map,what_this_does;why_aether_needs_it;system_map;how_it_works;objects_and_authority;example;non_example;common_confusions;what_this_does_not_authorize;source_map;next_reading_path,false,CB-DOCUMENTATION-CURATOR-VISUAL-ATLAS-V2-001,documentation-curator,PASS,Visual Atlas v2 topic coverage row; generated derivatives remain noncanonical.
TOPIC-AETHER-FLOW-ONTOLOGY,AEther-Flow Ontology,true,active,human_and_agent,markdown/html-explainer-specs/aether-flow-ontology-explainer.md,github-facing/aether-flow-ontology-explainer.md,html/aether-flow-ontology-explainer.html,wiki/html/html-aether-flow-ontology-explainer.md,README.md;AGENTS.md;ontology/aether-and-aether-flow.md;registries/TEX_SOURCE_REGISTRY.csv;registries/CLAIM_BOUNDARY_REGISTRY.csv,ontology-model-map,what_this_does;why_aether_needs_it;system_map;how_it_works;objects_and_authority;example;non_example;common_confusions;what_this_does_not_authorize;source_map;next_reading_path,false,CB-DOCUMENTATION-CURATOR-VISUAL-ATLAS-V2-001,documentation-curator,PASS,Visual Atlas v2 topic coverage row; generated derivatives remain noncanonical.
TOPIC-GR-DERIVATION-ROADMAP,GR Derivation Roadmap,true,active,human_and_agent,markdown/html-explainer-specs/gr-derivation-roadmap-explainer.md,github-facing/gr-derivation-roadmap-explainer.md,html/gr-derivation-roadmap-explainer.html,wiki/html/html-gr-derivation-roadmap-explainer.md,AGENTS.md;research_control/README.md;research_control/design/gr_derivation_burden_map.md;registries/CLAIM_BOUNDARY_REGISTRY.csv;registries/AGENT_JOB_REGISTRY.csv,gr-roadmap-map,what_this_does;why_aether_needs_it;system_map;how_it_works;objects_and_authority;example;non_example;common_confusions;what_this_does_not_authorize;source_map;next_reading_path,false,CB-DOCUMENTATION-CURATOR-VISUAL-ATLAS-V2-001,documentation-curator,PASS,Visual Atlas v2 topic coverage row; generated derivatives remain noncanonical.
TOPIC-RESEARCH-AGENT-SYSTEM,Research-Agent System,true,active,human_and_agent,markdown/html-explainer-specs/research-agent-workflow-explainer.md,github-facing/research-agent-workflow-explainer.md,html/research-agent-workflow-explainer.html,wiki/html/html-research-agent-workflow-explainer.md,AGENTS.md;research_control/README.md;research_control/AGENTS.md;.agents/schemas/AGENT_JOB_SCHEMA.md;.agents/schemas/EXECUTION_ROLE_SCHEMA.md;registries/AGENT_JOB_REGISTRY.csv;registries/ROLE_EXECUTION_REGISTRY.csv;registries/DIRECTOR_DECISION_REGISTRY.csv,research-agent-system-map,what_this_does;why_aether_needs_it;system_map;how_it_works;objects_and_authority;example;non_example;common_confusions;what_this_does_not_authorize;source_map;next_reading_path,false,CB-DOCUMENTATION-CURATOR-VISUAL-ATLAS-V2-001,documentation-curator,PASS,Visual Atlas v2 topic coverage row; generated derivatives remain noncanonical.
TOPIC-DIRECTOR-AGENTJOB-LIFECYCLE,Director Decisions And AgentJob Lifecycle,true,active,human_and_agent,markdown/html-explainer-specs/director-agentjob-lifecycle-explainer.md,github-facing/director-agentjob-lifecycle-explainer.md,html/director-agentjob-lifecycle-explainer.html,wiki/html/html-director-agentjob-lifecycle-explainer.md,AGENTS.md;research_control/README.md;research_control/AGENTS.md;.agents/schemas/AGENT_JOB_SCHEMA.md;.agents/schemas/EXECUTION_ROLE_SCHEMA.md;registries/AGENT_JOB_REGISTRY.csv;registries/ROLE_EXECUTION_REGISTRY.csv;registries/DIRECTOR_DECISION_REGISTRY.csv,director-agentjob-lifecycle-map,what_this_does;why_aether_needs_it;system_map;how_it_works;objects_and_authority;example;non_example;common_confusions;what_this_does_not_authorize;source_map;next_reading_path,false,CB-DOCUMENTATION-CURATOR-VISUAL-ATLAS-V2-001,documentation-curator,PASS,Visual Atlas v2 topic coverage row; generated derivatives remain noncanonical.
TOPIC-PARENT-CHILD-SYNTHESIS,Parent-Child Parallel Synthesis,true,active,human_and_agent,markdown/html-explainer-specs/parent-child-synthesis-explainer.md,github-facing/parent-child-synthesis-explainer.md,html/parent-child-synthesis-explainer.html,wiki/html/html-parent-child-synthesis-explainer.md,AGENTS.md;research_control/README.md;research_control/AGENTS.md;.agents/schemas/AGENT_JOB_SCHEMA.md;.agents/schemas/EXECUTION_ROLE_SCHEMA.md;registries/AGENT_JOB_REGISTRY.csv;registries/ROLE_EXECUTION_REGISTRY.csv,parent-child-authority-map,what_this_does;why_aether_needs_it;system_map;how_it_works;objects_and_authority;example;non_example;common_confusions;what_this_does_not_authorize;source_map;next_reading_path,true,CB-DOCUMENTATION-CURATOR-VISUAL-ATLAS-V2-001,documentation-curator,PASS,Visual Atlas v2 topic coverage row; generated derivatives remain noncanonical.
TOPIC-ROLE-ROUTING-EXECUTION-CONTRACTS,Role Routing And Execution Contracts,true,active,human_and_agent,markdown/html-explainer-specs/role-routing-explainer.md,github-facing/role-routing-explainer.md,html/role-routing-explainer.html,wiki/html/html-role-routing-explainer.md,AGENTS.md;research_control/README.md;.agents/schemas/EXECUTION_ROLE_SCHEMA.md;registries/AGENT_ROLE_REGISTRY.csv;registries/ROLE_EXECUTION_REGISTRY.csv,role-routing-contract-map,what_this_does;why_aether_needs_it;system_map;how_it_works;objects_and_authority;example;non_example;common_confusions;what_this_does_not_authorize;source_map;next_reading_path,false,CB-DOCUMENTATION-CURATOR-VISUAL-ATLAS-V2-001,documentation-curator,PASS,Visual Atlas v2 topic coverage row; generated derivatives remain noncanonical.
TOPIC-CLAIM-GATES-NEGATIVE-RESULTS-FREEZE,"Claim Gates, Negative Results, And Freeze Criteria",true,active,human_and_agent,markdown/html-explainer-specs/claim-gates-explainer.md,github-facing/claim-gates-explainer.md,html/claim-gates-explainer.html,wiki/html/html-claim-gates-explainer.md,AGENTS.md;research_control/README.md;research_control/design/gr_derivation_burden_map.md;registries/CLAIM_BOUNDARY_REGISTRY.csv,claim-gate-preservation-map,what_this_does;why_aether_needs_it;system_map;how_it_works;objects_and_authority;example;non_example;common_confusions;what_this_does_not_authorize;source_map;next_reading_path,false,CB-DOCUMENTATION-CURATOR-VISUAL-ATLAS-V2-001,documentation-curator,PASS,Visual Atlas v2 topic coverage row; generated derivatives remain noncanonical.
TOPIC-DOC-CURATOR-TEACHING-LOOP,Documentation Curator Teaching Loop,true,active,human_and_agent,markdown/html-explainer-specs/documentation-curator-teaching-loop-explainer.md,github-facing/documentation-curator-teaching-loop-explainer.md,html/documentation-curator-teaching-loop-explainer.html,wiki/html/html-documentation-curator-teaching-loop-explainer.md,AGENTS.md;.agents/roles/research_ops/documentation-curator.v1.0.0.md;.agents/roles/research_ops/documentation-student.v0.1.0.md;.agents/roles/research_ops/documentation-teacher.v0.1.0.md;.agents/schemas/TEACHING_QA_PACKET_SCHEMA.md;research_control/design/documentation_curator_visual_atlas_contract.md;registries/EXPLAINER_TOPIC_REGISTRY.csv;markdown/teaching-packets/documentation-curator-teaching-loop.teaching-qa.md,teaching-loop-map,what_this_does;why_aether_needs_it;system_map;how_it_works;objects_and_authority;example;non_example;common_confusions;what_this_does_not_authorize;source_map;next_reading_path,true,CB-DOCUMENTATION-CURATOR-VISUAL-ATLAS-V2-001,documentation-curator,PASS,Visual Atlas v2 topic coverage row; generated derivatives remain noncanonical.
TOPIC-SOURCE-AUTHORITY-GENERATED-DERIVATIVES,Source Authority And Generated Derivatives,true,active,human_and_agent,markdown/html-explainer-specs/source-authority-explainer.md,github-facing/source-authority-explainer.md,html/source-authority-explainer.html,wiki/html/html-source-authority-explainer.md,AGENTS.md;.codex/skills/project-memory-system/SKILL.md;.codex/skills/html-visual-explainer/SKILL.md;registries/MARKDOWN_SOURCE_REGISTRY.csv;registries/HTML_EXPLAINER_REGISTRY.csv;registries/WIKI_ARTIFACT_REGISTRY.csv;registries/FILE_OBJECT_REGISTRY.csv,source-authority-trust-map,what_this_does;why_aether_needs_it;system_map;how_it_works;objects_and_authority;example;non_example;common_confusions;what_this_does_not_authorize;source_map;next_reading_path,true,CB-DOCUMENTATION-CURATOR-VISUAL-ATLAS-V2-001,documentation-curator,PASS,Visual Atlas v2 topic coverage row; generated derivatives remain noncanonical.
TOPIC-MEMORY-REGISTRIES-WIKI-RETRIEVAL,"Memory, Registries, Wiki, And Retrieval Surfaces",true,active,human_and_agent,markdown/html-explainer-specs/memory-system-explainer.md,github-facing/memory-system-explainer.md,html/memory-system-explainer.html,wiki/html/html-memory-system-explainer.md,AGENTS.md;.codex/skills/project-memory-system/SKILL.md;.codex/skills/html-visual-explainer/SKILL.md;registries/MARKDOWN_SOURCE_REGISTRY.csv;registries/HTML_EXPLAINER_REGISTRY.csv;registries/WIKI_ARTIFACT_REGISTRY.csv;registries/FILE_OBJECT_REGISTRY.csv;.codex/skills/obsidian-wiki/SKILL.md,memory-registry-retrieval-map,what_this_does;why_aether_needs_it;system_map;how_it_works;objects_and_authority;example;non_example;common_confusions;what_this_does_not_authorize;source_map;next_reading_path,false,CB-DOCUMENTATION-CURATOR-VISUAL-ATLAS-V2-001,documentation-curator,PASS,Visual Atlas v2 topic coverage row; generated derivatives remain noncanonical.
TOPIC-PROJECT-SYSTEM-IMPROVEMENT-LOOP,Project-System Improvement Loop,true,active,human_and_agent,markdown/html-explainer-specs/project-system-improvement-explainer.md,github-facing/project-system-improvement-explainer.md,html/project-system-improvement-explainer.html,wiki/html/html-project-system-improvement-explainer.md,AGENTS.md;.codex/skills/improve-project-system/SKILL.md;scripts/project_control/classify_project_changes.py;scripts/project_control/resolve_project_improvement.py;registries/PROJECT_IMPROVEMENT_SIGNAL_REGISTRY.csv;registries/PROJECT_IMPROVEMENT_SIGNAL_TYPE_REGISTRY.csv,project-system-improvement-map,what_this_does;why_aether_needs_it;system_map;how_it_works;objects_and_authority;example;non_example;common_confusions;what_this_does_not_authorize;source_map;next_reading_path,false,CB-DOCUMENTATION-CURATOR-VISUAL-ATLAS-V2-001,documentation-curator,PASS,Visual Atlas v2 topic coverage row; generated derivatives remain noncanonical.
TOPIC-VALIDATOR-OPERATOR-WORKFLOW,Validator And Operator Workflow,true,active,human_and_agent,markdown/html-explainer-specs/validator-operator-workflow-explainer.md,github-facing/validator-operator-workflow-explainer.md,html/validator-operator-workflow-explainer.html,wiki/html/html-validator-operator-workflow-explainer.md,AGENTS.md;.codex/skills/improve-project-system/SKILL.md;.codex/skills/project-memory-system/SKILL.md;scripts/project_control/audit_documentation_surfaces.py;scripts/validate_explainer_topic_coverage.py;scripts/validate_explainer_parity.py;scripts/validate_standalone_html.py;scripts/validate_reader_first_docs.py;scripts/validate_explainer_diagrams.py;scripts/spec_depth_lint.py;scripts/validate_teaching_qa.py,validator-operator-workflow-map,what_this_does;why_aether_needs_it;system_map;how_it_works;objects_and_authority;example;non_example;common_confusions;what_this_does_not_authorize;source_map;next_reading_path,false,CB-DOCUMENTATION-CURATOR-VISUAL-ATLAS-V2-001,documentation-curator,PASS,Visual Atlas v2 topic coverage row; generated derivatives remain noncanonical.
TOPIC-ROLES-SKILLS-CATALOG,Roles And Skills Catalog,true,active,human_and_agent,markdown/html-explainer-specs/roles-and-skills-explainer.md,github-facing/roles-and-skills-explainer.md,html/roles-and-skills-explainer.html,wiki/html/html-roles-and-skills-explainer.md,registries/AGENT_ROLE_REGISTRY.csv;.agents/roles/research_ops/documentation-curator.v1.0.0.md;.agents/roles/research_ops/documentation-student.v0.1.0.md;.agents/roles/research_ops/documentation-teacher.v0.1.0.md;.codex/skills/improve-project-system/SKILL.md;.codex/skills/html-visual-explainer/SKILL.md,roles-skills-catalog-map,what_this_does;why_aether_needs_it;system_map;how_it_works;objects_and_authority;example;non_example;common_confusions;what_this_does_not_authorize;source_map;next_reading_path,false,CB-DOCUMENTATION-CURATOR-VISUAL-ATLAS-V2-001,documentation-curator,PASS,Visual Atlas v2 topic coverage row; generated derivatives remain noncanonical.
TOPIC-TECHNICAL-REQUIREMENTS,Technical Requirements,true,active,human_and_agent,markdown/html-explainer-specs/technical-requirements-explainer.md,github-facing/technical-requirements-explainer.md,html/technical-requirements-explainer.html,wiki/html/html-technical-requirements-explainer.md,README.md;AGENTS.md;.codex/skills/project-memory-system/SKILL.md;.codex/skills/html-visual-explainer/SKILL.md;scripts/README.md;tests/README.md,technical-requirements-map,what_this_does;why_aether_needs_it;system_map;how_it_works;objects_and_authority;example;non_example;common_confusions;what_this_does_not_authorize;source_map;next_reading_path,false,CB-DOCUMENTATION-CURATOR-VISUAL-ATLAS-V2-001,documentation-curator,PASS,Visual Atlas v2 topic coverage row; generated derivatives remain noncanonical.
TOPIC-RESEARCH-CONTROL-SYSTEM,Research Control System,false,active,human_and_agent,markdown/html-explainer-specs/research-control-system-explainer.md,github-facing/research-control-system-explainer.md,html/research-control-system-explainer.html,wiki/html/html-research-control-system-explainer.md,AGENTS.md;research_control/README.md;research_control/AGENTS.md;registries/RESEARCH_TASK_REGISTRY.csv;registries/DIRECTOR_DECISION_REGISTRY.csv;registries/AGENT_JOB_REGISTRY.csv,research-control-system-map,what_this_does;why_aether_needs_it;system_map;how_it_works;objects_and_authority;example;non_example;common_confusions;what_this_does_not_authorize;source_map;next_reading_path,false,CB-DOCUMENTATION-CURATOR-VISUAL-ATLAS-V2-001,documentation-curator,PASS,Visual Atlas v2 topic coverage row; generated derivatives remain noncanonical.
