object_id,path,format,role,authority_status,audience,source_hash,related_source,generated_from,generated_outputs,owner_skill,validation_status,last_validated_at,notes,human_visual_only,source_basis,source_basis_hash,html_hash,visual_explainer_skill_version
HTML-AETHER-FLOW-ONTOLOGY-EXPLAINER,html/aether-flow-ontology-explainer.html,html,html_visual_explainer,generated_noncanonical,humans,cbcd2176813607883b7ec730ae59c0bcb5fe50b337bc1864fad48233fcc17866,MD-HTML-SPEC-AETHER-FLOW-ONTOLOGY-EXPLAINER,MD-HTML-SPEC-AETHER-FLOW-ONTOLOGY-EXPLAINER,wiki/html/html-aether-flow-ontology-explainer.md,html-visual-explainer,PASS,2026-06-19T22:30:52Z,Human-only generated visual explainer.,true,MD-HTML-SPEC-AETHER-FLOW-ONTOLOGY-EXPLAINER,bc91e34c5fff350a56edf175e5301384db7eb3702597047ff46e4701cf41577c,cbcd2176813607883b7ec730ae59c0bcb5fe50b337bc1864fad48233fcc17866,visual-explainer@0.7.1-project-aether-flow
HTML-AETHER-FLOW-PHYSICS-PROGRAM-EXPLAINER,html/aether-flow-physics-program-explainer.html,html,html_visual_explainer,generated_noncanonical,humans,2e29bf3c9600ccedaedeffbe09865ee032794612490e29677d4eee93c983f7a3,MD-HTML-SPEC-AETHER-FLOW-PHYSICS-PROGRAM-EXPLAINER,MD-HTML-SPEC-AETHER-FLOW-PHYSICS-PROGRAM-EXPLAINER,wiki/html/html-aether-flow-physics-program-explainer.md,html-visual-explainer,PASS,2026-07-02T02:15:22Z,Human-only generated visual explainer.,true,MD-HTML-SPEC-AETHER-FLOW-PHYSICS-PROGRAM-EXPLAINER,cfebb84f98f2cbbf6bbead19108a78cc71ea21395ae1d83470b27fbece4cfdc4,2e29bf3c9600ccedaedeffbe09865ee032794612490e29677d4eee93c983f7a3,visual-explainer@0.7.1-project-aether-flow
HTML-CLAIM-GATES-EXPLAINER,html/claim-gates-explainer.html,html,html_visual_explainer,generated_noncanonical,humans,16ca005f0f8f5a5000e1435e2c8d2946ef029b50b82fb33099700f29fcd77c39,MD-HTML-SPEC-CLAIM-GATES-EXPLAINER,MD-HTML-SPEC-CLAIM-GATES-EXPLAINER,wiki/html/html-claim-gates-explainer.md,html-visual-explainer,PASS,2026-07-02T02:15:22Z,Human-only generated visual explainer.,true,MD-HTML-SPEC-CLAIM-GATES-EXPLAINER,dd98f1eb8359c7827d5dbf377312a3c7661c52d88995c8274a669c5dea7309a2,16ca005f0f8f5a5000e1435e2c8d2946ef029b50b82fb33099700f29fcd77c39,visual-explainer@0.7.1-project-aether-flow
HTML-DIRECTOR-AGENTJOB-LIFECYCLE-EXPLAINER,html/director-agentjob-lifecycle-explainer.html,html,html_visual_explainer,generated_noncanonical,humans,392c3819c5fed7c04e7ba8d87757a2cac3e6d2900c9af26495d62f392765fbd1,MD-HTML-SPEC-DIRECTOR-AGENTJOB-LIFECYCLE-EXPLAINER,MD-HTML-SPEC-DIRECTOR-AGENTJOB-LIFECYCLE-EXPLAINER,wiki/html/html-director-agentjob-lifecycle-explainer.md,html-visual-explainer,PASS,2026-06-19T22:54:27Z,Human-only generated visual explainer.,true,MD-HTML-SPEC-DIRECTOR-AGENTJOB-LIFECYCLE-EXPLAINER,9c82e08b7d5a03fc3f4b616a7244795db05cabd985160398007d3fd20efac1b3,392c3819c5fed7c04e7ba8d87757a2cac3e6d2900c9af26495d62f392765fbd1,visual-explainer@0.7.1-project-aether-flow
HTML-DOCUMENTATION-CURATOR-PUBLICATION-PROCESS-EXPLAINER,html/documentation-curator-publication-process-explainer.html,html,html_visual_explainer,generated_noncanonical,humans,22266a69af4fdcd63b8b064f047e249f7e8fcca8a2a641807e90e88c92222f30,MD-HTML-SPEC-DOCUMENTATION-CURATOR-PUBLICATION-PROCESS-EXPLAINER,MD-HTML-SPEC-DOCUMENTATION-CURATOR-PUBLICATION-PROCESS-EXPLAINER,wiki/html/html-documentation-curator-publication-process-explainer.md,html-visual-explainer,PASS,2026-06-27T14:26:35Z,Human-only generated visual explainer.,true,MD-HTML-SPEC-DOCUMENTATION-CURATOR-PUBLICATION-PROCESS-EXPLAINER,845a3c87392c23c2fab444503fb66a8a8483752c775865117b86becb12452aad,22266a69af4fdcd63b8b064f047e249f7e8fcca8a2a641807e90e88c92222f30,visual-explainer@0.7.1-project-aether-flow
HTML-EXACT-GR-BENCHMARK-BOUNDARY-EXPLAINER,html/exact-gr-benchmark-boundary-explainer.html,html,html_visual_explainer,generated_noncanonical,humans,0a56db203fb36480b9c85352e0c17a91da4bb37f0f339f4fa6cd75328b945dfc,MD-HTML-SPEC-EXACT-GR-BENCHMARK-BOUNDARY-EXPLAINER,MD-HTML-SPEC-EXACT-GR-BENCHMARK-BOUNDARY-EXPLAINER,wiki/html/html-exact-gr-benchmark-boundary-explainer.md,html-visual-explainer,PASS,2026-07-02T02:15:22Z,Human-only generated visual explainer.,true,MD-HTML-SPEC-EXACT-GR-BENCHMARK-BOUNDARY-EXPLAINER,973d48a84e00c4a5890c1009684089c291f4228745ed4ea3b30dd50559d2170a,0a56db203fb36480b9c85352e0c17a91da4bb37f0f339f4fa6cd75328b945dfc,visual-explainer@0.7.1-project-aether-flow
HTML-GR-DERIVATION-ROADMAP-EXPLAINER,html/gr-derivation-roadmap-explainer.html,html,html_visual_explainer,generated_noncanonical,humans,b5e0d135a6bf55885fa35dbf5b5c0e762e6cff41501f0a1d3a13bf2f663c5353,MD-HTML-SPEC-GR-DERIVATION-ROADMAP-EXPLAINER,MD-HTML-SPEC-GR-DERIVATION-ROADMAP-EXPLAINER,wiki/html/html-gr-derivation-roadmap-explainer.md,html-visual-explainer,PASS,2026-07-02T02:15:22Z,Human-only generated visual explainer.,true,MD-HTML-SPEC-GR-DERIVATION-ROADMAP-EXPLAINER,5d26106234ebb9abe67cf4b44bbea0ca5d372f5200e6ead8e2e771e4e6718beb,b5e0d135a6bf55885fa35dbf5b5c0e762e6cff41501f0a1d3a13bf2f663c5353,visual-explainer@0.7.1-project-aether-flow
HTML-MEMORY-SYSTEM-EXPLAINER,html/memory-system-explainer.html,html,html_visual_explainer,generated_noncanonical,humans,b76cfde7d0e29654bdbfd1fac863206c5c0d67a9c95af666bb124012f8a55ca0,MD-HTML-SPEC-MEMORY-SYSTEM-EXPLAINER,MD-HTML-SPEC-MEMORY-SYSTEM-EXPLAINER,wiki/html/html-memory-system-explainer.md,html-visual-explainer,PASS,2026-06-19T23:16:11Z,Human-only generated visual explainer.,true,MD-HTML-SPEC-MEMORY-SYSTEM-EXPLAINER,23532f83087af449481f03e3076b1915acc8caaa833f25e1d9af853dc8068a6f,b76cfde7d0e29654bdbfd1fac863206c5c0d67a9c95af666bb124012f8a55ca0,visual-explainer@0.7.1-project-aether-flow
HTML-PARENT-CHILD-SYNTHESIS-EXPLAINER,html/parent-child-synthesis-explainer.html,html,html_visual_explainer,generated_noncanonical,humans,b8674d21ad32a199ced7414c29f7349248ade0dcbe554f4ae92823ecddd76a44,MD-HTML-SPEC-PARENT-CHILD-SYNTHESIS-EXPLAINER,MD-HTML-SPEC-PARENT-CHILD-SYNTHESIS-EXPLAINER,wiki/html/html-parent-child-synthesis-explainer.md,html-visual-explainer,PASS,2026-06-19T22:54:27Z,Human-only generated visual explainer.,true,MD-HTML-SPEC-PARENT-CHILD-SYNTHESIS-EXPLAINER,144f1915c6c5c4f5d7a129a77efdd3fc12352175c0c1f36e7aea8305795aae90,b8674d21ad32a199ced7414c29f7349248ade0dcbe554f4ae92823ecddd76a44,visual-explainer@0.7.1-project-aether-flow
HTML-PROJECT-OVERVIEW-EXPLAINER,html/project-overview-explainer.html,html,html_visual_explainer,generated_noncanonical,humans,a74e8130e0c1649fe50fda908d8513b74fe350d3808e048464990f130a50f278,MD-HTML-SPEC-PROJECT-OVERVIEW-EXPLAINER,MD-HTML-SPEC-PROJECT-OVERVIEW-EXPLAINER,wiki/html/html-project-overview-explainer.md,html-visual-explainer,PASS,2026-07-02T02:15:22Z,Human-only generated visual explainer.,true,MD-HTML-SPEC-PROJECT-OVERVIEW-EXPLAINER,ac68cb6c8e77d4e92194783ebbedaefb682d061948625e39faff92502c3fd341,a74e8130e0c1649fe50fda908d8513b74fe350d3808e048464990f130a50f278,visual-explainer@0.7.1-project-aether-flow
HTML-PROJECT-SYSTEM-IMPROVEMENT-EXPLAINER,html/project-system-improvement-explainer.html,html,html_visual_explainer,generated_noncanonical,humans,1b8841d410492906d2e56bfc71b6ab7de7c682897f7945f0665b1ed46bb200ed,MD-HTML-SPEC-PROJECT-SYSTEM-IMPROVEMENT-EXPLAINER,MD-HTML-SPEC-PROJECT-SYSTEM-IMPROVEMENT-EXPLAINER,wiki/html/html-project-system-improvement-explainer.md,html-visual-explainer,PASS,2026-06-27T14:26:35Z,Human-only generated visual explainer.,true,MD-HTML-SPEC-PROJECT-SYSTEM-IMPROVEMENT-EXPLAINER,a946e96828509d8042b78b0f0df619181c9d01ecf927e67f3b6392bb46c09040,1b8841d410492906d2e56bfc71b6ab7de7c682897f7945f0665b1ed46bb200ed,visual-explainer@0.7.1-project-aether-flow
HTML-RESEARCH-AGENT-WORKFLOW-EXPLAINER,html/research-agent-workflow-explainer.html,html,html_visual_explainer,generated_noncanonical,humans,7a3ef72cb0f52a41a73c2f0d76ca322d4f69e93ed14d8c172a733d77d7fe2e9f,MD-HTML-SPEC-RESEARCH-AGENT-WORKFLOW-EXPLAINER,MD-HTML-SPEC-RESEARCH-AGENT-WORKFLOW-EXPLAINER,wiki/html/html-research-agent-workflow-explainer.md,html-visual-explainer,PASS,2026-06-19T22:54:27Z,Human-only generated visual explainer.,true,MD-HTML-SPEC-RESEARCH-AGENT-WORKFLOW-EXPLAINER,7541e01516c45c42701250efda0844e664486a5ca63fb9a441a0aa193106ca77,7a3ef72cb0f52a41a73c2f0d76ca322d4f69e93ed14d8c172a733d77d7fe2e9f,visual-explainer@0.7.1-project-aether-flow
HTML-ROLE-ROUTING-EXPLAINER,html/role-routing-explainer.html,html,html_visual_explainer,generated_noncanonical,humans,6dc370e9a9b1dfc08c09d5d42cefdd8822657b8803c50e6ab0f823c0c0b86c13,MD-HTML-SPEC-ROLE-ROUTING-EXPLAINER,MD-HTML-SPEC-ROLE-ROUTING-EXPLAINER,wiki/html/html-role-routing-explainer.md,html-visual-explainer,PASS,2026-06-19T22:54:27Z,Human-only generated visual explainer.,true,MD-HTML-SPEC-ROLE-ROUTING-EXPLAINER,cebc8757ffd61f72cc1e6e822b411ff52a663123d0a99205d193431bada6d5e3,6dc370e9a9b1dfc08c09d5d42cefdd8822657b8803c50e6ab0f823c0c0b86c13,visual-explainer@0.7.1-project-aether-flow
HTML-ROLES-AND-SKILLS-EXPLAINER,html/roles-and-skills-explainer.html,html,html_visual_explainer,generated_noncanonical,humans,4c37629e0a5e1e210e0b3c868edf0dc52ce7fc520540e4179e7ac3e267012cd3,MD-HTML-SPEC-ROLES-AND-SKILLS-EXPLAINER,MD-HTML-SPEC-ROLES-AND-SKILLS-EXPLAINER,wiki/html/html-roles-and-skills-explainer.md,html-visual-explainer,PASS,2026-06-27T14:26:35Z,Human-only generated visual explainer.,true,MD-HTML-SPEC-ROLES-AND-SKILLS-EXPLAINER,e3f771afd9390f98b9bdc316378fe5d8c02e60abda1b6781ffed8c4dc080c093,4c37629e0a5e1e210e0b3c868edf0dc52ce7fc520540e4179e7ac3e267012cd3,visual-explainer@0.7.1-project-aether-flow
HTML-SOURCE-AUTHORITY-EXPLAINER,html/source-authority-explainer.html,html,html_visual_explainer,generated_noncanonical,humans,75b63b6ac778fd35563c9110e81a34358e60229dfa901a776f5c3839f62bdd03,MD-HTML-SPEC-SOURCE-AUTHORITY-EXPLAINER,MD-HTML-SPEC-SOURCE-AUTHORITY-EXPLAINER,wiki/html/html-source-authority-explainer.md,html-visual-explainer,PASS,2026-07-02T02:15:22Z,Human-only generated visual explainer.,true,MD-HTML-SPEC-SOURCE-AUTHORITY-EXPLAINER,3b6449da475f2900f16770ded26c1a1f5be850c0f1d08c92127aa3294c229169,75b63b6ac778fd35563c9110e81a34358e60229dfa901a776f5c3839f62bdd03,visual-explainer@0.7.1-project-aether-flow
HTML-TECHNICAL-REQUIREMENTS-EXPLAINER,html/technical-requirements-explainer.html,html,html_visual_explainer,generated_noncanonical,humans,1fbdc970b7ee90e4af060a67ffcdc1ac4651bfde51734e628a0c8191a17638a8,MD-HTML-SPEC-TECHNICAL-REQUIREMENTS-EXPLAINER,MD-HTML-SPEC-TECHNICAL-REQUIREMENTS-EXPLAINER,wiki/html/html-technical-requirements-explainer.md,html-visual-explainer,PASS,2026-06-19T23:16:11Z,Human-only generated visual explainer.,true,MD-HTML-SPEC-TECHNICAL-REQUIREMENTS-EXPLAINER,1e4a2d3b85ae904bbe0e88b82948167d7810c1b2122bf0d2d443942cb1874e28,1fbdc970b7ee90e4af060a67ffcdc1ac4651bfde51734e628a0c8191a17638a8,visual-explainer@0.7.1-project-aether-flow
HTML-VALIDATOR-OPERATOR-WORKFLOW-EXPLAINER,html/validator-operator-workflow-explainer.html,html,html_visual_explainer,generated_noncanonical,humans,42e30579a8a258e32fe817e7200e4c0b8ce17aba287c0dce2504e36bd5882b44,MD-HTML-SPEC-VALIDATOR-OPERATOR-WORKFLOW-EXPLAINER,MD-HTML-SPEC-VALIDATOR-OPERATOR-WORKFLOW-EXPLAINER,wiki/html/html-validator-operator-workflow-explainer.md,html-visual-explainer,PASS,2026-07-02T02:15:22Z,Human-only generated visual explainer.,true,MD-HTML-SPEC-VALIDATOR-OPERATOR-WORKFLOW-EXPLAINER,ad1a9a1f6ac7fe64cf8d3f94e70493e909221ea01b602fa909948f480276110d,42e30579a8a258e32fe817e7200e4c0b8ce17aba287c0dce2504e36bd5882b44,visual-explainer@0.7.1-project-aether-flow
