object_id,path,format,role,authority_status,audience,source_hash,related_source,generated_from,generated_outputs,owner_skill,validation_status,last_validated_at,notes,github_facing,agent_documentation,contains_mermaid,contains_math
MD-AETHER-FLOW-INTERPRETATION-LEMEN,ontology/aether_flow_interpretation-lemen.md,markdown,authored_markdown,canonical_markdown_source,humans_and_agents,4ee8f4e889ad433f7d167442e25a47db061743c4b6ccf4528230f6db919d8e23,,,wiki/markdown/md-aether-flow-interpretation-lemen.md,markdown-wiki,PASS,2026-06-12T00:43:10Z,Authored Markdown source.,false,false,false,false
MD-AGENTS,AGENTS.md,markdown,agent_guidance,project_control,agents,88f98aac20bae66e226e8afb3cbd3ff43c865844102ea61fd04a8500c75bdb9d,,,wiki/markdown/md-agents.md,project-memory-system,PASS,2026-06-17T15:59:18Z,Root agent instructions and repository authority hierarchy.,false,true,false,false
MD-AGENTS-AGENTS,.agents/AGENTS.md,markdown,scoped_agent_guidance,project_control,agents,37f37011b22aee8091f72f4edc8a6d04997a512781f652a5d24db80e3dbe4ce8,,,wiki/markdown/md-agents-agents.md,project-memory-system,PASS,2026-06-10T02:34:32Z,Scoped guidance for role and schema contracts.,false,true,false,false
MD-AGENTS-RESEARCH-CONTROL,research_control/AGENTS.md,markdown,scoped_agent_guidance,project_control,agents,c14d9e1abf38d8b6394a614852311c5271a08a6a9f098b312b1a84845b0250f8,,,wiki/markdown/md-agents-research-control.md,project-memory-system,PASS,2026-06-17T15:59:18Z,Scoped guidance for tracked research-control state.,false,true,false,false
MD-GITHUB-FACING-AETHER-FLOW-ONTOLOGY-EXPLAINER,github-facing/aether-flow-ontology-explainer.md,markdown,github_facing_documentation,generated_noncanonical,humans_and_agents,ad64ca5d209d5e40146187982604d6960f5f5b3119eca650f6dd71d2ec210acc,MD-HTML-SPEC-AETHER-FLOW-ONTOLOGY-EXPLAINER,MD-HTML-SPEC-AETHER-FLOW-ONTOLOGY-EXPLAINER,wiki/markdown/md-github-facing-aether-flow-ontology-explainer.md,documentation-curator,PASS,2026-06-17T21:16:14Z,GitHub-facing Markdown explainer derived from a registered HTML explainer spec; non-authoritative for physics claims and control decisions.,true,true,true,false
MD-GITHUB-FACING-CLAIM-GATES-EXPLAINER,github-facing/claim-gates-explainer.md,markdown,github_facing_documentation,generated_noncanonical,humans_and_agents,e4f4abfe7a45b24ece8f17b9d7edbaa2d6353f219908d2e0a8cb17259d367a74,MD-HTML-SPEC-CLAIM-GATES-EXPLAINER,MD-HTML-SPEC-CLAIM-GATES-EXPLAINER,wiki/markdown/md-github-facing-claim-gates-explainer.md,documentation-curator,PASS,2026-06-17T21:16:14Z,GitHub-facing Markdown explainer derived from a registered HTML explainer spec; non-authoritative for physics claims and control decisions.,true,true,true,false
MD-GITHUB-FACING-DOCUMENTATION-CURATOR-TEACHING-LOOP-EXPLAINER,github-facing/documentation-curator-teaching-loop-explainer.md,markdown,github_facing_documentation,generated_noncanonical,humans_and_agents,bc828ae3a75fed57bde725f2293ebb73113db52e798430013de7096f4c533046,MD-HTML-SPEC-DOCUMENTATION-CURATOR-TEACHING-LOOP-EXPLAINER,MD-HTML-SPEC-DOCUMENTATION-CURATOR-TEACHING-LOOP-EXPLAINER,wiki/markdown/md-github-facing-documentation-curator-teaching-loop-explainer.md,documentation-curator,PASS,2026-06-17T22:00:29Z,GitHub-facing Markdown explainer derived from a registered HTML explainer spec; non-authoritative for physics claims and control decisions.,true,true,false,false
MD-GITHUB-FACING-GR-DERIVATION-ROADMAP-EXPLAINER,github-facing/gr-derivation-roadmap-explainer.md,markdown,github_facing_documentation,generated_noncanonical,humans_and_agents,4c4315e9c948a8564ec282207b54f1de81cd3ba29ab796f3a5d9b20e645e1fb9,MD-HTML-SPEC-GR-DERIVATION-ROADMAP-EXPLAINER,MD-HTML-SPEC-GR-DERIVATION-ROADMAP-EXPLAINER,wiki/markdown/md-github-facing-gr-derivation-roadmap-explainer.md,documentation-curator,PASS,2026-06-17T22:00:29Z,GitHub-facing Markdown explainer derived from a registered HTML explainer spec; non-authoritative for physics claims and control decisions.,true,true,false,false
MD-GITHUB-FACING-MEMORY-SYSTEM-EXPLAINER,github-facing/memory-system-explainer.md,markdown,github_facing_documentation,generated_noncanonical,humans_and_agents,fe62e542b548065633b000e939e3c67796ec462b4e8bf3cbc5150fa79617c8c2,MD-HTML-SPEC-MEMORY-SYSTEM-EXPLAINER,MD-HTML-SPEC-MEMORY-SYSTEM-EXPLAINER,wiki/markdown/md-github-facing-memory-system-explainer.md,documentation-curator,PASS,2026-06-17T21:16:14Z,GitHub-facing Markdown explainer derived from a registered HTML explainer spec; non-authoritative for physics claims and control decisions.,true,true,true,false
MD-GITHUB-FACING-PROJECT-OVERVIEW-EXPLAINER,github-facing/project-overview-explainer.md,markdown,github_facing_documentation,generated_noncanonical,humans_and_agents,ff3b991bc0450fbe36d153477cda88fd4b44458ed36baa2dd68c78a420340989,MD-HTML-SPEC-PROJECT-OVERVIEW-EXPLAINER,MD-HTML-SPEC-PROJECT-OVERVIEW-EXPLAINER,wiki/markdown/md-github-facing-project-overview-explainer.md,documentation-curator,PASS,2026-06-17T22:00:29Z,GitHub-facing Markdown explainer derived from a registered HTML explainer spec; non-authoritative for physics claims and control decisions.,true,true,true,false
MD-GITHUB-FACING-PROJECT-SYSTEM-IMPROVEMENT-EXPLAINER,github-facing/project-system-improvement-explainer.md,markdown,github_facing_documentation,generated_noncanonical,humans_and_agents,1875c571ed3a6d880475d86aa58dc774673e92e838a80432f0cc46a2de0654c1,MD-HTML-SPEC-PROJECT-SYSTEM-IMPROVEMENT-EXPLAINER,MD-HTML-SPEC-PROJECT-SYSTEM-IMPROVEMENT-EXPLAINER,wiki/markdown/md-github-facing-project-system-improvement-explainer.md,documentation-curator,PASS,2026-06-17T22:00:29Z,GitHub-facing Markdown explainer derived from a registered HTML explainer spec; non-authoritative for physics claims and control decisions.,true,true,false,false
MD-GITHUB-FACING-RESEARCH-AGENT-WORKFLOW-EXPLAINER,github-facing/research-agent-workflow-explainer.md,markdown,github_facing_documentation,generated_noncanonical,humans_and_agents,8e6903b11560276a52c7b0602ba5dd383213bc296e121f048bd2dbbdb0291bf7,MD-HTML-SPEC-RESEARCH-AGENT-WORKFLOW-EXPLAINER,MD-HTML-SPEC-RESEARCH-AGENT-WORKFLOW-EXPLAINER,wiki/markdown/md-github-facing-research-agent-workflow-explainer.md,documentation-curator,PASS,2026-06-17T21:16:14Z,GitHub-facing Markdown explainer derived from a registered HTML explainer spec; non-authoritative for physics claims and control decisions.,true,true,true,false
MD-GITHUB-FACING-RESEARCH-CONTROL-SYSTEM-EXPLAINER,github-facing/research-control-system-explainer.md,markdown,github_facing_documentation,generated_noncanonical,humans_and_agents,0086b094af617cbb00a26babb568b3fe27763623ffe450af9a34af24713797a1,MD-HTML-SPEC-RESEARCH-CONTROL-SYSTEM-EXPLAINER,MD-HTML-SPEC-RESEARCH-CONTROL-SYSTEM-EXPLAINER,wiki/markdown/md-github-facing-research-control-system-explainer.md,documentation-curator,PASS,2026-06-17T21:16:14Z,GitHub-facing Markdown explainer derived from a registered HTML explainer spec; non-authoritative for physics claims and control decisions.,true,true,true,false
MD-GITHUB-FACING-ROLE-ROUTING-EXPLAINER,github-facing/role-routing-explainer.md,markdown,github_facing_documentation,generated_noncanonical,humans_and_agents,6d2b7f7a13e9f6ad1248d6b4a2e0e06f7149c0eb21637b81ae1e0263877fdd9f,MD-HTML-SPEC-ROLE-ROUTING-EXPLAINER,MD-HTML-SPEC-ROLE-ROUTING-EXPLAINER,wiki/markdown/md-github-facing-role-routing-explainer.md,documentation-curator,PASS,2026-06-17T21:16:14Z,GitHub-facing Markdown explainer derived from a registered HTML explainer spec; non-authoritative for physics claims and control decisions.,true,true,true,false
MD-GITHUB-FACING-ROLES-AND-SKILLS-EXPLAINER,github-facing/roles-and-skills-explainer.md,markdown,github_facing_documentation,generated_noncanonical,humans_and_agents,3010bf24271bb6898815ea8379ab9ff7911b971aa7270d3e02888b7b2714b382,MD-HTML-SPEC-ROLES-AND-SKILLS-EXPLAINER,MD-HTML-SPEC-ROLES-AND-SKILLS-EXPLAINER,wiki/markdown/md-github-facing-roles-and-skills-explainer.md,documentation-curator,PASS,2026-06-17T21:16:14Z,GitHub-facing Markdown explainer derived from a registered HTML explainer spec; non-authoritative for physics claims and control decisions.,true,true,false,false
MD-GITHUB-FACING-SOURCE-AUTHORITY-EXPLAINER,github-facing/source-authority-explainer.md,markdown,github_facing_documentation,generated_noncanonical,humans_and_agents,cd168861f2ea0d0b5b2f87c997b91c392f29a6bccce8bfc2a17cea55def8795b,MD-HTML-SPEC-SOURCE-AUTHORITY-EXPLAINER,MD-HTML-SPEC-SOURCE-AUTHORITY-EXPLAINER,wiki/markdown/md-github-facing-source-authority-explainer.md,documentation-curator,PASS,2026-06-17T21:16:14Z,GitHub-facing Markdown explainer derived from a registered HTML explainer spec; non-authoritative for physics claims and control decisions.,true,true,true,false
MD-GITHUB-FACING-TECHNICAL-REQUIREMENTS-EXPLAINER,github-facing/technical-requirements-explainer.md,markdown,github_facing_documentation,generated_noncanonical,humans_and_agents,d548e539bc62db4349c0c74fb56f421edeb4d42292ae4dec79bac4794632489d,MD-HTML-SPEC-TECHNICAL-REQUIREMENTS-EXPLAINER,MD-HTML-SPEC-TECHNICAL-REQUIREMENTS-EXPLAINER,wiki/markdown/md-github-facing-technical-requirements-explainer.md,documentation-curator,PASS,2026-06-17T21:16:14Z,GitHub-facing Markdown explainer derived from a registered HTML explainer spec; non-authoritative for physics claims and control decisions.,true,true,false,false
MD-HTML-SPEC-AETHER-FLOW-ONTOLOGY-EXPLAINER,markdown/html-explainer-specs/aether-flow-ontology-explainer.md,markdown,html_explainer_source_spec,canonical_markdown_source,humans_and_agents,34a7f7b9741beeb194976dabc273906961c0af35347c31aaba97a32fa82a5ed0,,,wiki/markdown/md-html-spec-aether-flow-ontology-explainer.md,html-visual-explainer,PASS,2026-06-17T21:12:16Z,Canonical source spec for a generated human-only HTML explainer.,false,false,true,false
MD-HTML-SPEC-CLAIM-GATES-EXPLAINER,markdown/html-explainer-specs/claim-gates-explainer.md,markdown,html_explainer_source_spec,canonical_markdown_source,humans_and_agents,d963c362c44b1a61e2a5674e808786d6c27aab65e8d34881df17c6ee61b90c6a,,,wiki/markdown/md-html-spec-claim-gates-explainer.md,html-visual-explainer,PASS,2026-06-17T21:12:16Z,Canonical source spec for a generated human-only HTML explainer.,false,false,true,false
MD-HTML-SPEC-DOCUMENTATION-CURATOR-TEACHING-LOOP-EXPLAINER,markdown/html-explainer-specs/documentation-curator-teaching-loop-explainer.md,markdown,html_explainer_source_spec,canonical_markdown_source,humans_and_agents,c7cc83eedfa8c184a8717cc9668de7d52d07c0fbc5cf29294d9909421f6e0743,,,wiki/markdown/md-html-spec-documentation-curator-teaching-loop-explainer.md,html-visual-explainer,PASS,2026-06-17T22:00:29Z,Canonical source spec for a generated human-only HTML explainer.,false,false,false,false
MD-HTML-SPEC-GR-DERIVATION-ROADMAP-EXPLAINER,markdown/html-explainer-specs/gr-derivation-roadmap-explainer.md,markdown,html_explainer_source_spec,canonical_markdown_source,humans_and_agents,109e9bad07e180a7097d47b04caf13f7b787bfc1db45729cbe1452a997f11957,,,wiki/markdown/md-html-spec-gr-derivation-roadmap-explainer.md,html-visual-explainer,PASS,2026-06-17T22:00:29Z,Canonical source spec for a generated human-only HTML explainer.,false,false,false,false
MD-HTML-SPEC-MEMORY-SYSTEM-EXPLAINER,markdown/html-explainer-specs/memory-system-explainer.md,markdown,html_explainer_source_spec,canonical_markdown_source,humans_and_agents,2b3355ac0534adb38fd842cb6d3ad39641cdb0936f96b1cdb71d860474e60008,,,wiki/markdown/md-html-spec-memory-system-explainer.md,html-visual-explainer,PASS,2026-06-17T21:12:16Z,Canonical source spec for a generated human-only HTML explainer.,false,false,true,false
MD-HTML-SPEC-PROJECT-OVERVIEW-EXPLAINER,markdown/html-explainer-specs/project-overview-explainer.md,markdown,html_explainer_source_spec,canonical_markdown_source,humans_and_agents,ec23522ff65018da869190e325ecda935f9932c165a72322a966d80e4a4d3348,,,wiki/markdown/md-html-spec-project-overview-explainer.md,html-visual-explainer,PASS,2026-06-17T22:00:29Z,Canonical source spec for a generated human-only HTML explainer.,false,false,true,false
MD-HTML-SPEC-PROJECT-SYSTEM-IMPROVEMENT-EXPLAINER,markdown/html-explainer-specs/project-system-improvement-explainer.md,markdown,html_explainer_source_spec,canonical_markdown_source,humans_and_agents,49baf9a5f25507d0f11b663833fd0471923e90014ec2f9fa6dfe3688b2419622,,,wiki/markdown/md-html-spec-project-system-improvement-explainer.md,html-visual-explainer,PASS,2026-06-17T22:00:29Z,Canonical source spec for a generated human-only HTML explainer.,false,false,false,false
MD-HTML-SPEC-RESEARCH-AGENT-WORKFLOW-EXPLAINER,markdown/html-explainer-specs/research-agent-workflow-explainer.md,markdown,html_explainer_source_spec,canonical_markdown_source,humans_and_agents,10c82668756f71d6a7cc736c9ba7e2b53649222e5208b13407e1322a77a1510f,,,wiki/markdown/md-html-spec-research-agent-workflow-explainer.md,html-visual-explainer,PASS,2026-06-17T21:12:16Z,Canonical source spec for a generated human-only HTML explainer.,false,false,true,false
MD-HTML-SPEC-RESEARCH-CONTROL-SYSTEM-EXPLAINER,markdown/html-explainer-specs/research-control-system-explainer.md,markdown,html_explainer_source_spec,canonical_markdown_source,humans_and_agents,20621005c4b61905ce9cb3950fe296a38ec74bb425b2016c3414aa8271d6e4de,,,wiki/markdown/md-html-spec-research-control-system-explainer.md,html-visual-explainer,PASS,2026-06-17T21:12:16Z,Canonical source spec for a generated human-only HTML explainer.,false,false,true,false
MD-HTML-SPEC-ROLE-ROUTING-EXPLAINER,markdown/html-explainer-specs/role-routing-explainer.md,markdown,html_explainer_source_spec,canonical_markdown_source,humans_and_agents,8e20773447613cceccd016c048d440110fb2f1563f54a78ce74b4abe2dfd81f2,,,wiki/markdown/md-html-spec-role-routing-explainer.md,html-visual-explainer,PASS,2026-06-17T21:12:16Z,Canonical source spec for a generated human-only HTML explainer.,false,false,true,false
MD-HTML-SPEC-ROLES-AND-SKILLS-EXPLAINER,markdown/html-explainer-specs/roles-and-skills-explainer.md,markdown,html_explainer_source_spec,canonical_markdown_source,humans_and_agents,2a8e7c32c9c855ecdd851c90d4cf92cba4423e304f81a7c756b01d3ea6fd2ca0,,,wiki/markdown/md-html-spec-roles-and-skills-explainer.md,html-visual-explainer,PASS,2026-06-17T21:12:16Z,Canonical source spec for a generated human-only HTML explainer.,false,false,false,false
MD-HTML-SPEC-SOURCE-AUTHORITY-EXPLAINER,markdown/html-explainer-specs/source-authority-explainer.md,markdown,html_explainer_source_spec,canonical_markdown_source,humans_and_agents,f610a21cc001838bb89236e6c87c3344d5f8e05458a6ba9789e70eb8fedf34dd,,,wiki/markdown/md-html-spec-source-authority-explainer.md,html-visual-explainer,PASS,2026-06-17T21:12:16Z,Canonical source spec for a generated human-only HTML explainer.,false,false,true,false
MD-HTML-SPEC-TECHNICAL-REQUIREMENTS-EXPLAINER,markdown/html-explainer-specs/technical-requirements-explainer.md,markdown,html_explainer_source_spec,canonical_markdown_source,humans_and_agents,bcb9aadb86eb9c0aac2a1ccf19ab6612dc816b7f923cbff3d899b9da08e4eaca,,,wiki/markdown/md-html-spec-technical-requirements-explainer.md,html-visual-explainer,PASS,2026-06-17T21:12:16Z,Canonical source spec for a generated human-only HTML explainer.,false,false,false,false
MD-ONTOLOGY-AETHER-AND-AETHER-FLOW,ontology/aether-and-aether-flow.md,markdown,ontology_adjacent_explanatory_documentation,explanatory_noncanonical,humans_and_agents,b8e17df2354ab0fe3cae04e43940f787dd187dd67f0f40e978de080983ac6edc,,,wiki/markdown/md-ontology-aether-and-aether-flow.md,markdown-wiki,PASS,2026-06-11T23:42:48Z,Ontology-adjacent explanatory documentation; TeX remains scientific authority.,false,false,false,false
MD-PROJECT-CONTROL-GRILL-MEMORY-WIKI-REGISTRY-DESIGN-HANDOFF,markdown/grill-memory-wiki-registry-design-handoff.md,markdown,project_control_design_handoff,project_control,agents,4d012e7abc260a48746a27b33fccfff832d65fdde8c862111e5fd36d4a36bdb0,,,wiki/markdown/md-project-control-grill-memory-wiki-registry-design-handoff.md,project-memory-system,PASS,2026-06-08T01:08:28Z,"Accepted memory, wiki, registry, and file-format design decisions.",false,true,false,true
MD-README,README.md,markdown,project_front_door,project_control,humans_and_agents,f2d79abe1338ac3f73d25fad1b8038bc257e97520fe4521a3ac31d79192452a3,,,wiki/markdown/md-readme.md,project-memory-system,PASS,2026-06-17T22:00:29Z,Project overview and repository file map.,true,false,true,false
MD-README-RESEARCH-CONTROL,research_control/README.md,markdown,research_control_documentation,project_control,humans_and_agents,c19499991bf127e859d60e4d0e22f50ac90dd42e0bd2704e323a45bf47021626,,,wiki/markdown/md-readme-research-control.md,project-memory-system,PASS,2026-06-17T15:59:18Z,Research-control authority model and validation commands.,true,true,false,false
MD-README-RESEARCH-CONTROL-APPROVALS,research_control/approvals/README.md,markdown,approval_documentation,project_control,humans_and_agents,aea32130ed70d3eedd75d651d5015968450b3cb375324bb3732c25958d227722,,,wiki/markdown/md-readme-research-control-approvals.md,project-memory-system,PASS,2026-06-10T02:34:32Z,Human-gate approval lane documentation.,true,true,false,false
MD-RESEARCH-CONTROL-DESIGN-DIRECTOR-LED-AGENT-ARCHITECTURE-GRILL-DECISIONS,research_control/design/director_led_agent_architecture_grill_decisions.md,markdown,research_control_design,project_control,agents,2a776e672d0246cdad5dbed03711f54e8a8e2bbbfeb8b4b0960950a7117f53af,,,wiki/markdown/md-research-control-design-director-led-agent-architecture-grill-decisions.md,project-memory-system,PASS,2026-06-10T02:34:32Z,Authored design note for research-control architecture.,false,true,false,false
MD-RESEARCH-CONTROL-DESIGN-GITHUB-FACING-EXPLAINER-CONTRACT,research_control/design/github_facing_explainer_contract.md,markdown,research_control_design,project_control,agents,4a64adf5e71581ece40124ebf1620187cff38620d85bf47241812dc0cff5b100,,,wiki/markdown/md-research-control-design-github-facing-explainer-contract.md,project-memory-system,PASS,2026-06-17T21:11:59Z,Authored design note for research-control architecture.,false,true,false,false
MD-RESEARCH-CONTROL-DESIGN-GR-DERIVATION-BURDEN-MAP,research_control/design/gr_derivation_burden_map.md,markdown,research_control_design,project_control,agents,6d1df3488be163b72296cf34ee07b979e29b061d508e6a4c271ac3305373aa1f,,,wiki/markdown/md-research-control-design-gr-derivation-burden-map.md,project-memory-system,PASS,2026-06-17T15:59:18Z,Authored design note for research-control architecture.,false,true,false,false
MD-RESEARCH-CONTROL-DESIGN-HTML-EXPLAINER-DEPTH-CONTRACT,research_control/design/html_explainer_depth_contract.md,markdown,research_control_design,project_control,agents,7b4be0cb73fd1cc3aa786d1095e7603399e214aedf3f8efb69543a0e287a95bb,,,wiki/markdown/md-research-control-design-html-explainer-depth-contract.md,project-memory-system,PASS,2026-06-12T23:46:32Z,Authored design note for research-control architecture.,false,true,false,false
MD-RESEARCH-CONTROL-DESIGN-HTML-EXPLAINER-FLEXIBLE-PRESENTATION-CONTRACT,research_control/design/html_explainer_flexible_presentation_contract.md,markdown,research_control_design,project_control,agents,9b6cd3d802e9e601c411e9eed956debf460bdcabce86f9011c6745a20d8db556,,,wiki/markdown/md-research-control-design-html-explainer-flexible-presentation-contract.md,project-memory-system,PASS,2026-06-13T00:02:04Z,Authored design note for research-control architecture.,false,true,false,false
MD-ROLE-AGENTS-ROLES-PHYSICS-CANDIDATE-CONSTRUCTOR-V0-1-0-MD,.agents/roles/physics/candidate-constructor.v0.1.0.md,markdown,role_contract,project_control,agents,175a3b04ce7d3a4fec81edbb892eb17148c42b896bdce09df41bfb0d5d2aa1f8,,,wiki/markdown/md-role-agents-roles-physics-candidate-constructor-v0-1-0-md.md,project-memory-system,PASS,2026-06-16T19:29:23Z,Registered execution role contract.,false,true,false,false
MD-ROLE-AGENTS-ROLES-PHYSICS-CANDIDATE-CONSTRUCTOR-V0-2-0-MD,.agents/roles/physics/candidate-constructor.v0.2.0.md,markdown,role_contract,project_control,agents,2ddc2018b690160dbccd155f7eb087628d8d5f7b0c4b42d2728e6221739b8042,,,wiki/markdown/md-role-agents-roles-physics-candidate-constructor-v0-2-0-md.md,project-memory-system,PASS,2026-06-17T15:59:18Z,Registered execution role contract.,false,true,false,false
MD-ROLE-AGENTS-ROLES-PHYSICS-GATE-CHAIR-V0-1-0-MD,.agents/roles/physics/gate-chair.v0.1.0.md,markdown,role_contract,project_control,agents,1da0c89d58b9459cefcd5e428723d862f5bed8548ed0adf47b1c27c46d91b680,,,wiki/markdown/md-role-agents-roles-physics-gate-chair-v0-1-0-md.md,project-memory-system,PASS,2026-06-10T02:34:32Z,Registered execution role contract.,false,true,false,false
MD-ROLE-AGENTS-ROLES-PHYSICS-ONTOLOGY-FORMALIZER-V0-1-0-MD,.agents/roles/physics/ontology-formalizer.v0.1.0.md,markdown,role_contract,project_control,agents,bcace3cd9ec67108b150ec795d7de3d4cab1514a14096e23fdc8ee3c97a18c7d,,,wiki/markdown/md-role-agents-roles-physics-ontology-formalizer-v0-1-0-md.md,project-memory-system,PASS,2026-06-16T19:29:23Z,Registered execution role contract.,false,true,false,false
MD-ROLE-AGENTS-ROLES-PHYSICS-ONTOLOGY-FORMALIZER-V0-2-0-MD,.agents/roles/physics/ontology-formalizer.v0.2.0.md,markdown,role_contract,project_control,agents,e050e643f2673d67ae825f1e194f13f25c2ac74bad74c91715716975e0bc87e4,,,wiki/markdown/md-role-agents-roles-physics-ontology-formalizer-v0-2-0-md.md,project-memory-system,PASS,2026-06-17T15:59:18Z,Registered execution role contract.,false,true,false,false
MD-ROLE-AGENTS-ROLES-PHYSICS-REFUTER-V0-1-0-MD,.agents/roles/physics/refuter.v0.1.0.md,markdown,role_contract,project_control,agents,e119ec43dbcbee8957d0e6c4fa42342d12788e0e72a7f1e7023e400e03474005,,,wiki/markdown/md-role-agents-roles-physics-refuter-v0-1-0-md.md,project-memory-system,PASS,2026-06-16T19:29:23Z,Registered execution role contract.,false,true,false,false
MD-ROLE-AGENTS-ROLES-PHYSICS-REFUTER-V0-2-0-MD,.agents/roles/physics/refuter.v0.2.0.md,markdown,role_contract,project_control,agents,7b84a80fae0982275a1e7a957d918d9e329972baf5e98e89d6598ef88b440fb0,,,wiki/markdown/md-role-agents-roles-physics-refuter-v0-2-0-md.md,project-memory-system,PASS,2026-06-17T15:59:18Z,Registered execution role contract.,false,true,false,false
MD-ROLE-AGENTS-ROLES-PHYSICS-SMUGGLING-AUDITOR-V0-1-0-MD,.agents/roles/physics/smuggling-auditor.v0.1.0.md,markdown,role_contract,project_control,agents,f0150cc053178f9df0e7d74e774e46cff63c1f405c9ffae1645bc0636e0021e0,,,wiki/markdown/md-role-agents-roles-physics-smuggling-auditor-v0-1-0-md.md,project-memory-system,PASS,2026-06-16T19:29:23Z,Registered execution role contract.,false,true,false,false
MD-ROLE-AGENTS-ROLES-PHYSICS-SMUGGLING-AUDITOR-V0-2-0-MD,.agents/roles/physics/smuggling-auditor.v0.2.0.md,markdown,role_contract,project_control,agents,31d1b8601ffd05917d3aeb9b056d2cf358c9a14073d2035b3e2d5a28e60360ca,,,wiki/markdown/md-role-agents-roles-physics-smuggling-auditor-v0-2-0-md.md,project-memory-system,PASS,2026-06-17T15:59:18Z,Registered execution role contract.,false,true,false,false
MD-ROLE-AGENTS-ROLES-PHYSICS-THEORETICAL-CONTINUATION-SELECTOR-V0-1-0-MD,.agents/roles/physics/theoretical-continuation-selector.v0.1.0.md,markdown,role_contract,project_control,agents,16095938a688958c3b71fd21856e9ab1a22d2ac52d68b4a652eea6e0209aaf60,,,wiki/markdown/md-role-agents-roles-physics-theoretical-continuation-selector-v0-1-0-md.md,project-memory-system,PASS,2026-06-17T15:59:18Z,Registered execution role contract.,false,true,false,false
MD-ROLE-AGENTS-ROLES-RESEARCH-OPS-DIRECTOR-OF-RESEARCH-V0-1-0-MD,.agents/roles/research_ops/director-of-research.v0.1.0.md,markdown,role_contract,project_control,agents,f312284e369c1e681362d42b036adf4d4a5024cd6e58bb456d02db177379c203,,,wiki/markdown/md-role-agents-roles-research-ops-director-of-research-v0-1-0-md.md,project-memory-system,PASS,2026-06-16T19:29:23Z,Registered execution role contract.,false,true,false,false
MD-ROLE-AGENTS-ROLES-RESEARCH-OPS-DIRECTOR-OF-RESEARCH-V0-2-0-MD,.agents/roles/research_ops/director-of-research.v0.2.0.md,markdown,role_contract,project_control,agents,7d7ea131fe7ee32820a5b7006e432679dbfbc651f3eb63a2372666b8349ed0de,,,wiki/markdown/md-role-agents-roles-research-ops-director-of-research-v0-2-0-md.md,project-memory-system,PASS,2026-06-17T15:59:18Z,Registered execution role contract.,false,true,false,false
MD-ROLE-AGENTS-ROLES-RESEARCH-OPS-DOCUMENTATION-CURATOR-V0-1-0-MD,.agents/roles/research_ops/documentation-curator.v0.1.0.md,markdown,role_contract,project_control,agents,41e0a2d5207d9ea760898d5db234e84bc346e86b9a86a321955fee00a6e1097c,,,wiki/markdown/md-role-agents-roles-research-ops-documentation-curator-v0-1-0-md.md,project-memory-system,PASS,2026-06-10T19:37:31Z,Registered execution role contract.,false,true,false,false
MD-ROLE-AGENTS-ROLES-RESEARCH-OPS-DOCUMENTATION-CURATOR-V0-2-0-MD,.agents/roles/research_ops/documentation-curator.v0.2.0.md,markdown,role_contract,project_control,agents,75a40230c7ec4cc3529def5bf0eed4f25e16d77ea394a3729ce6f944d643e146,,,wiki/markdown/md-role-agents-roles-research-ops-documentation-curator-v0-2-0-md.md,project-memory-system,PASS,2026-06-12T01:59:27Z,Registered execution role contract.,false,true,false,false
MD-ROLE-AGENTS-ROLES-RESEARCH-OPS-DOCUMENTATION-CURATOR-V0-3-0-MD,.agents/roles/research_ops/documentation-curator.v0.3.0.md,markdown,role_contract,project_control,agents,4d32e253d282aa62ddd4837be8fdf3ee5a83ed9d00915314f153c3c3868f02a4,,,wiki/markdown/md-role-agents-roles-research-ops-documentation-curator-v0-3-0-md.md,project-memory-system,PASS,2026-06-12T03:34:40Z,Registered execution role contract.,false,true,false,false
MD-ROLE-AGENTS-ROLES-RESEARCH-OPS-DOCUMENTATION-CURATOR-V0-4-0-MD,.agents/roles/research_ops/documentation-curator.v0.4.0.md,markdown,role_contract,project_control,agents,8e3ac2130782337f3a0246e532829f3dc45f0453d0da733e3979bdc11d3aa3af,,,wiki/markdown/md-role-agents-roles-research-ops-documentation-curator-v0-4-0-md.md,project-memory-system,PASS,2026-06-12T19:29:04Z,Registered execution role contract.,false,true,false,false
MD-ROLE-AGENTS-ROLES-RESEARCH-OPS-DOCUMENTATION-CURATOR-V0-5-0-MD,.agents/roles/research_ops/documentation-curator.v0.5.0.md,markdown,role_contract,project_control,agents,43e4fd0b408c3c213bcec43e348215e4c377d406326c9fdf7fee2cd9ca7173af,,,wiki/markdown/md-role-agents-roles-research-ops-documentation-curator-v0-5-0-md.md,project-memory-system,PASS,2026-06-12T20:50:45Z,Registered execution role contract.,false,true,false,false
MD-ROLE-AGENTS-ROLES-RESEARCH-OPS-DOCUMENTATION-CURATOR-V0-6-0-MD,.agents/roles/research_ops/documentation-curator.v0.6.0.md,markdown,role_contract,project_control,agents,b67aa9c3d0b217eba38dc3ce51b8fdc0cb34dce11e5588fd087bde12c2d247f6,,,wiki/markdown/md-role-agents-roles-research-ops-documentation-curator-v0-6-0-md.md,project-memory-system,PASS,2026-06-12T23:46:32Z,Registered execution role contract.,false,true,false,false
MD-ROLE-AGENTS-ROLES-RESEARCH-OPS-DOCUMENTATION-CURATOR-V0-7-0-MD,.agents/roles/research_ops/documentation-curator.v0.7.0.md,markdown,role_contract,project_control,agents,bcc9a18c236898effdc516fe7b8bc55739b4b4fc6bf089bfd5d07e55ee0f4fa7,,,wiki/markdown/md-role-agents-roles-research-ops-documentation-curator-v0-7-0-md.md,project-memory-system,PASS,2026-06-17T17:47:33Z,Registered execution role contract.,false,true,false,false
MD-ROLE-AGENTS-ROLES-RESEARCH-OPS-DOCUMENTATION-CURATOR-V0-8-0-MD,.agents/roles/research_ops/documentation-curator.v0.8.0.md,markdown,role_contract,project_control,agents,84cf7fca86235dad8aaa27428799d550cdd4fc0322d80bb2f3166c2d2d3a5013,,,wiki/markdown/md-role-agents-roles-research-ops-documentation-curator-v0-8-0-md.md,project-memory-system,PASS,2026-06-17T21:11:59Z,Registered execution role contract.,false,true,false,false
MD-ROLE-AGENTS-ROLES-RESEARCH-OPS-DOCUMENTATION-CURATOR-V0-9-0-MD,.agents/roles/research_ops/documentation-curator.v0.9.0.md,markdown,role_contract,project_control,agents,9121fe7b6f255d1a84fef5f4293fd99ba954c659adeb152bdf32d5e44d452a9f,,,wiki/markdown/md-role-agents-roles-research-ops-documentation-curator-v0-9-0-md.md,project-memory-system,PASS,2026-06-17T21:11:59Z,Registered execution role contract.,false,true,false,false
MD-ROLE-AGENTS-ROLES-RESEARCH-OPS-DOCUMENTATION-STUDENT-V0-1-0-MD,.agents/roles/research_ops/documentation-student.v0.1.0.md,markdown,role_contract,project_control,agents,e8628e2827aae6119b38234a76e3f105eb1cf0e10588faba45566d3e956606aa,,,wiki/markdown/md-role-agents-roles-research-ops-documentation-student-v0-1-0-md.md,project-memory-system,PASS,2026-06-17T17:47:33Z,Registered execution role contract.,false,true,false,false
MD-ROLE-AGENTS-ROLES-RESEARCH-OPS-DOCUMENTATION-TEACHER-V0-1-0-MD,.agents/roles/research_ops/documentation-teacher.v0.1.0.md,markdown,role_contract,project_control,agents,9cfbdbbca2211b3a5fc0aa530750bebafc4c173cb575dd53e9f462cd28f54b7c,,,wiki/markdown/md-role-agents-roles-research-ops-documentation-teacher-v0-1-0-md.md,project-memory-system,PASS,2026-06-17T17:47:33Z,Registered execution role contract.,false,true,false,false
MD-ROLE-AGENTS-ROLES-RESEARCH-OPS-MEMORY-SYSTEM-MAINTAINER-V0-1-0-MD,.agents/roles/research_ops/memory-system-maintainer.v0.1.0.md,markdown,role_contract,project_control,agents,0ec40aa61444ef33b1fc375c772df6df2139b0d46ae33ff085a2b5a886712267,,,wiki/markdown/md-role-agents-roles-research-ops-memory-system-maintainer-v0-1-0-md.md,project-memory-system,PASS,2026-06-10T02:34:32Z,Registered execution role contract.,false,true,false,false
MD-ROLE-AGENTS-ROLES-RESEARCH-OPS-PROCESS-INTEGRITY-AUDITOR-V0-1-0-MD,.agents/roles/research_ops/process-integrity-auditor.v0.1.0.md,markdown,role_contract,project_control,agents,5e54f60d6a3064006e0a6ec73719475f191f21c975b9b2292498abb1dcc83db4,,,wiki/markdown/md-role-agents-roles-research-ops-process-integrity-auditor-v0-1-0-md.md,project-memory-system,PASS,2026-06-10T02:34:32Z,Registered execution role contract.,false,true,false,false
MD-ROLE-AGENTS-ROLES-RESEARCH-OPS-PROJECT-CONTROL-MAINTAINER-V0-1-0-MD,.agents/roles/research_ops/project-control-maintainer.v0.1.0.md,markdown,role_contract,project_control,agents,4d31cdcdf991dc2f503b3f8cc1c4abbbf4389ab1fd6dcd048396b8e85039665e,,,wiki/markdown/md-role-agents-roles-research-ops-project-control-maintainer-v0-1-0-md.md,project-memory-system,PASS,2026-06-10T18:23:33Z,Registered execution role contract.,false,true,false,false
MD-ROLE-AGENTS-ROLES-RESEARCH-OPS-PROJECT-SYSTEM-DIRECTOR-V0-1-0-MD,.agents/roles/research_ops/project-system-director.v0.1.0.md,markdown,role_contract,project_control,agents,38e37c63637c81ddaabe7fcba760efea348665b2d4534e46961d7ba2c7a32972,,,wiki/markdown/md-role-agents-roles-research-ops-project-system-director-v0-1-0-md.md,project-memory-system,PASS,2026-06-10T02:34:32Z,Registered execution role contract.,false,true,false,false
MD-ROLE-AGENTS-ROLES-RESEARCH-OPS-VALIDATOR-ENGINEER-V0-1-0-MD,.agents/roles/research_ops/validator-engineer.v0.1.0.md,markdown,role_contract,project_control,agents,bcc23bae02e78fcafabffb8d5fe1afca48a591edc56c0bc05b868b9d9e400c77,,,wiki/markdown/md-role-agents-roles-research-ops-validator-engineer-v0-1-0-md.md,project-memory-system,PASS,2026-06-10T02:34:32Z,Registered execution role contract.,false,true,false,false
MD-SCHEMA-AGENT-JOB-SCHEMA,.agents/schemas/AGENT_JOB_SCHEMA.md,markdown,schema_contract,project_control,agents,39d1383949926a6c578fdead612487006a46feeaf22345bccf20943b53710869,,,wiki/markdown/md-schema-agent-job-schema.md,project-memory-system,PASS,2026-06-17T15:59:18Z,Registered project-control schema contract.,false,true,false,false
MD-SCHEMA-DIRECTOR-DECISION-SCHEMA,.agents/schemas/DIRECTOR_DECISION_SCHEMA.md,markdown,schema_contract,project_control,agents,8163f5dbe8e231dc61f1d78032edc972f61c286ce5bf417031937e56e9849a17,,,wiki/markdown/md-schema-director-decision-schema.md,project-memory-system,PASS,2026-06-10T02:34:32Z,Registered project-control schema contract.,false,true,false,false
MD-SCHEMA-DOCUMENTATION-IMPACT-SCHEMA,.agents/schemas/DOCUMENTATION_IMPACT_SCHEMA.md,markdown,schema_contract,project_control,agents,cedfc214d015b2bfb6647be62c375533d9f96bd731230013069f2854be5ec5e9,,,wiki/markdown/md-schema-documentation-impact-schema.md,project-memory-system,PASS,2026-06-10T02:34:32Z,Registered project-control schema contract.,false,true,false,false
MD-SCHEMA-EXECUTION-ROLE-SCHEMA,.agents/schemas/EXECUTION_ROLE_SCHEMA.md,markdown,schema_contract,project_control,agents,d36c932c9c8eae038f450de68d09cac8afa871409f1c8e9c0d4a445ee75b98ed,,,wiki/markdown/md-schema-execution-role-schema.md,project-memory-system,PASS,2026-06-17T04:13:22Z,Registered project-control schema contract.,false,true,false,false
MD-SCHEMA-ROLE-SCHEMA,.agents/schemas/ROLE_SCHEMA.md,markdown,schema_contract,project_control,agents,adfe47c287d9e67e0b6c864b8534ae48fb6d3cbb950c4f61d938badccd9d31f6,,,wiki/markdown/md-schema-role-schema.md,project-memory-system,PASS,2026-06-10T19:37:31Z,Registered project-control schema contract.,false,true,false,false
MD-SCHEMA-TEACHING-QA-PACKET-SCHEMA,.agents/schemas/TEACHING_QA_PACKET_SCHEMA.md,markdown,schema_contract,project_control,agents,28e29f32b6465fc5a8f7d88ce5ba99ee8ec28a0d9937c90fce1e1bab2887b806,,,wiki/markdown/md-schema-teaching-qa-packet-schema.md,project-memory-system,PASS,2026-06-17T17:47:33Z,Registered project-control schema contract.,false,true,false,false
MD-SKILL-AETHER-TEACHING-EXPLAINER,.codex/skills/aether-teaching-explainer/SKILL.md,markdown,skill_contract,project_control,agents,3dba30ad57e2733054a69a0b79cf1fc3392779e0ea0a85679e2a6c7a981f979b,,,wiki/markdown/md-skill-aether-teaching-explainer.md,aether-teaching-explainer,PASS,2026-06-17T21:11:59Z,Repo-local skill contract.,false,true,false,false
MD-SKILL-CONTINUE-RESEARCH,.codex/skills/continue-research/SKILL.md,markdown,skill_contract,project_control,agents,68f791a8ea852c90dfe280b3b87b18333cf60fc357c449c00c0aca89bed213d6,,,wiki/markdown/md-skill-continue-research.md,continue-research,PASS,2026-06-17T15:59:18Z,Repo-local skill contract.,false,true,false,false
MD-SKILL-GRILL-ME,.codex/skills/grill-me/SKILL.md,markdown,skill_contract,project_control,agents,74147eb6010a65957efef2b9e0f0b3ff935c1def7fc117697151b1d0f3610556,,,wiki/markdown/md-skill-grill-me.md,grill-me,PASS,2026-06-10T02:34:32Z,Repo-local skill contract.,false,true,false,false
MD-SKILL-GRILL-WITH-DOCS,.codex/skills/grill-with-docs/SKILL.md,markdown,skill_contract,project_control,agents,3e35025119ba03efe7983dfdec3c8b96918142e3978512f3c2bf66d428310c7e,,,wiki/markdown/md-skill-grill-with-docs.md,grill-with-docs,PASS,2026-06-11T22:03:47Z,Repo-local skill contract.,false,true,false,false
MD-SKILL-HTML-VISUAL-EXPLAINER,.codex/skills/html-visual-explainer/SKILL.md,markdown,skill_contract,project_control,agents,8d55c9489cb00465fce11a9f69bed6f5eb4891452e5d6cc447097948569fc439,,,wiki/markdown/md-skill-html-visual-explainer.md,html-visual-explainer,PASS,2026-06-17T21:11:59Z,Repo-local skill contract.,false,true,false,false
MD-SKILL-IMPROVE-PROJECT-SYSTEM,.codex/skills/improve-project-system/SKILL.md,markdown,skill_contract,project_control,agents,1cacdb5a5c99937321874741e525a65472b5e4549a08c97e8cff6051c130225c,,,wiki/markdown/md-skill-improve-project-system.md,improve-project-system,PASS,2026-06-10T18:23:33Z,Repo-local skill contract.,false,true,false,false
MD-SKILL-MARKDOWN-WIKI,.codex/skills/markdown-wiki/SKILL.md,markdown,skill_contract,project_control,agents,9e407dca9b4657c18b9edd38be0181f5bf6c98336a763c74172c74439076683c,,,wiki/markdown/md-skill-markdown-wiki.md,markdown-wiki,PASS,2026-06-10T02:34:32Z,Repo-local skill contract.,false,true,false,false
MD-SKILL-OBSIDIAN-WIKI,.codex/skills/obsidian-wiki/SKILL.md,markdown,skill_contract,project_control,agents,c38ca75812a57a3f71e4274ee38cbacd7854775f8a09ae7592addeb9cd0f4fe3,,,wiki/markdown/md-skill-obsidian-wiki.md,obsidian-wiki,PASS,2026-06-10T02:34:32Z,Repo-local skill contract.,false,true,false,false
MD-SKILL-ONTOLOGY-PROMOTION,.codex/skills/ontology-promotion/SKILL.md,markdown,skill_contract,project_control,agents,e9d7455fba3553e6e27b971a2602dbfed287528e200dd733ea9eb8e0a9882e73,,,wiki/markdown/md-skill-ontology-promotion.md,ontology-promotion,PASS,2026-06-10T02:34:32Z,Repo-local skill contract.,false,true,false,false
MD-SKILL-PDF-DERIVATIVE-BUILD,.codex/skills/pdf-derivative-build/SKILL.md,markdown,skill_contract,project_control,agents,983bc0fe63bed2c3f15d62e8c25d56397d6dd322a8d0c5406817aca7b14bb2d4,,,wiki/markdown/md-skill-pdf-derivative-build.md,pdf-derivative-build,PASS,2026-06-10T02:34:32Z,Repo-local skill contract.,false,true,false,false
MD-SKILL-PROJECT-MEMORY-SYSTEM,.codex/skills/project-memory-system/SKILL.md,markdown,skill_contract,project_control,agents,0092bc07f5ecf1714a2ae3dfba2567d29c64876ea9cfa4948de5004977b6164f,,,wiki/markdown/md-skill-project-memory-system.md,project-memory-system,PASS,2026-06-10T02:34:32Z,Repo-local skill contract.,false,true,false,false
MD-SKILL-TEX-WIKI,.codex/skills/tex-wiki/SKILL.md,markdown,skill_contract,project_control,agents,00070187a46d9dfdd617746603e21fcff2e20484d6be327b13d37ec6fb52ccda,,,wiki/markdown/md-skill-tex-wiki.md,tex-wiki,PASS,2026-06-10T02:34:32Z,Repo-local skill contract.,false,true,false,false
MD-SKILL-USER-MODIFIED-PROJECT,.codex/skills/user-modified-project/SKILL.md,markdown,skill_contract,project_control,agents,a6f53b016f2fc09f5259c51b555dca1798f6ea6a36831a3693609e97971e100a,,,wiki/markdown/md-skill-user-modified-project.md,user-modified-project,PASS,2026-06-13T17:31:36Z,Repo-local skill contract.,false,true,false,false
MD-SKILL-VISUAL-EXPLAINER,.codex/skills/visual-explainer/SKILL.md,markdown,skill_contract,project_control,agents,7ec9cd8d2ee98c200052197d6b46594c50e190eead4bf06a95d4b405fa0afe9d,,,wiki/markdown/md-skill-visual-explainer.md,visual-explainer,PASS,2026-06-12T23:46:32Z,Repo-local skill contract.,false,true,false,true
MD-SKILL-VISUAL-EXPLAINER-SUBSKILL-MERMAID-DOCUMENTATION,.codex/skills/visual-explainer/subskills/mermaid-documentation/SKILL.md,markdown,skill_contract,project_control,agents,1df4982a8bd5c82ec24a8c347b5d5796c5c1c49764142b3853e28b84bebd1da9,,,wiki/markdown/md-skill-visual-explainer-subskill-mermaid-documentation.md,visual-explainer,PASS,2026-06-11T22:51:09Z,Repo-local visual-explainer subskill contract: mermaid-documentation.,false,true,true,true
MD-TEACHING-QA-PACKET-PROJECT-OVERVIEW-TEACHING-QA,markdown/teaching-packets/project-overview.teaching-qa.md,markdown,teaching_qa_packet,explanatory_support_noncanonical,humans_and_agents,e109d8ccdf43d3a476dd1ece9fb174e91355ed31679f9c73ef0df469a31bb0a6,,,wiki/markdown/md-teaching-qa-packet-project-overview-teaching-qa.md,aether-teaching-explainer,PASS,2026-06-17T21:11:59Z,Curated teaching Q&A packet derived from declared source materials; explanatory support only.,false,false,false,false
MD-TEACHING-QA-PACKET-ROLE-ROUTING-TEACHING-QA,markdown/teaching-packets/role-routing.teaching-qa.md,markdown,teaching_qa_packet,explanatory_support_noncanonical,humans_and_agents,6e459a99bc3d78026424d6957d976207ae2b6dfe77025ca14c6f50d7dd29f239,,,wiki/markdown/md-teaching-qa-packet-role-routing-teaching-qa.md,aether-teaching-explainer,PASS,2026-06-17T17:47:33Z,Curated teaching Q&A packet derived from declared source materials; explanatory support only.,false,false,false,false
