recommendation_id,recommendation_text,primary_phase,primary_task,secondary_tasks,expected_output_paths,validator_or_receipt,physics_promotion_allowed,status,implementation_evidence_path
"V15-R01","Execute the selected next theorem packet exactly as scoped.","P2","P2-T03","P0-T02;P1-T01;P2-T01;P2-T02;P2-T04;P2-T05;P2-T06","research_control/tasks/<task_id>/artifacts/narrow_source_side_matter_semantics_equivalence_theorem_v1.tex;research_control/tasks/<task_id>/artifacts/post_theorem_route_selector_v1.md","research-control validation;claim-language validation;theorem-packet completion receipt","false","planned_deferred_until_P1_complete","implementations_plans/recommendations_implementation_plan_continue_task-v15.md;research_control/handoffs/handoff-0505.yaml;research_control/handoffs/handoff-0507.yaml"
"V15-R02","Do not route directly to matter coupling, stress-energy, Einstein equations, or benchmark promotion.","P8","P8-T01","P2-T01;P8-T02;P19-T01","research_control/design/einstein_equation_route_moratorium_v1.md","claim-language validation;research-control validation;coverage audit","false","planned_pending","implementations_plans/recommendations_implementation_plan_continue_task-v15.md;research_control/handoffs/handoff-0507.yaml"
"V15-R03","In the next theorem packet, explicitly identify source-side matter-semantics objects.","P2","P2-T02","P2-T01;P2-T03;P3-T01;P4-T03","research_control/tasks/<task_id>/artifacts/source_side_matter_semantics_object_certificate_manifest_v1.tex","research-control validation;claim-language validation;theorem-packet completion receipt","false","planned_pending","implementations_plans/recommendations_implementation_plan_continue_task-v15.md;research_control/handoffs/handoff-0507.yaml"
"V15-R04","Declare explicit source transport, invariance, or factorization certificates.","P2","P2-T02","P2-T03;P3-T01;P3-T02;P3-T03","research_control/tasks/<task_id>/artifacts/source_side_matter_semantics_object_certificate_manifest_v1.tex;research_control/tasks/<task_id>/artifacts/source_certificate_algebra_primitives_v1.tex","research-control validation;certificate checklist receipt;claim-language validation","false","planned_pending","implementations_plans/recommendations_implementation_plan_continue_task-v15.md;research_control/handoffs/handoff-0507.yaml"
"V15-R05","Define equivalence without detector semantics.","P2","P2-T03","P2-T02;P2-T04;P4-T03;P14-T02","research_control/tasks/<task_id>/artifacts/narrow_source_side_matter_semantics_equivalence_theorem_v1.tex;research_control/design/semantic_layer_separation_control_note.md","smuggling-audit receipt;claim-language validation;research-control validation","false","planned_pending","implementations_plans/recommendations_implementation_plan_continue_task-v15.md;research_control/handoffs/handoff-0507.yaml"
"V15-R06","Enforce fail-closed behavior for missing certificates.","P2","P2-T03","P2-T05;P3-T02;P3-T03;P6-T01","research_control/tasks/<task_id>/artifacts/narrow_source_side_matter_semantics_equivalence_theorem_v1.tex;research_control/design/source_certificate_algebra_checklist.md","theorem completion receipt;Refuter stress receipt;research-control validation","false","planned_pending","implementations_plans/recommendations_implementation_plan_continue_task-v15.md;research_control/handoffs/handoff-0507.yaml"
"V15-R07","Prohibit target metric, benchmark behavior, detector semantics, stress-energy, and matter action as premises.","P2","P2-T04","P2-T01;P4-T03;P13-T01;P13-T02;P14-T01","research_control/tasks/<task_id>/artifacts/matter_semantics_equivalence_theorem_smuggling_audit_v1.tex;research_control/design/public_status_exists_does_not_exist_source_spec.md","smuggling-audit receipt;claim-language validation;public-status receipt","false","planned_pending","implementations_plans/recommendations_implementation_plan_continue_task-v15.md;research_control/handoffs/handoff-0507.yaml"
"V15-R08","Require exact output status: theorem, conditional theorem, scoped evidence, or obstruction.","P2","P2-T06","P2-T03;P2-T05;P7-T01;P9-T01;P19-T01","research_control/tasks/<task_id>/artifacts/post_theorem_route_selector_v1.md;research_control/design/refuter_obstruction_schema_v1.md","completion schema receipt;research-control validation;coverage audit","false","planned_pending","implementations_plans/recommendations_implementation_plan_continue_task-v15.md;research_control/handoffs/handoff-0507.yaml"
"V15-R09","Restate forbidden conclusions in every high-risk completion.","P0","all_high_risk_completion_records","P0-T01;P0-T02;P0-T03;P1-T01;P2-T01;P7-T01;P13-T01;P19-T01","research_control/tasks/<task_id>/jobs/completions/AJC-*.yaml","claim-language validation;research-control validation;coverage audit","false","active_receipt_requirement","implementations_plans/recommendations_implementation_plan_continue_task-v15.md;research_control/tasks/RT-20260702-053/jobs/completions/AJC-AJ-RT-20260702-053-001.yaml;research_control/tasks/RT-20260702-054/jobs/completions/AJC-AJ-RT-20260702-054-001.yaml"
"V15-R10","Build a matter-coupling dependency DAG.","P4","P4-T01","P4-T02;P12-T01;P12-T02;P12-T03","research_control/design/matter_coupling_dependency_dag_schema_v1.md;research_control/design/matter_coupling_dependency_dag_v1.md","DAG validation receipt;claim graph validation;research-control validation","false","planned_pending","implementations_plans/recommendations_implementation_plan_continue_task-v15.md;research_control/handoffs/handoff-0507.yaml"
"V15-R11","Separate source matter semantics, detector semantics, and stress-energy/action semantics.","P4","P4-T03","P4-T04;P14-T01;P14-T02;P14-T03","research_control/design/semantic_layer_separation_control_note.md;research_control/design/epistemic_category_glossary.md","semantic-layer receipt;claim-language validation;public-doc receipt","false","planned_pending","implementations_plans/recommendations_implementation_plan_continue_task-v15.md;research_control/handoffs/handoff-0507.yaml"
"V15-R12","Prioritize certificate algebra.","P3","P3-T01","P3-T02;P3-T03;P15-T01;P15-T02","research_control/tasks/<task_id>/artifacts/source_certificate_algebra_primitives_v1.tex;research_control/design/source_certificate_algebra_checklist.md","certificate algebra receipt;support-only formalization receipt;research-control validation","false","planned_pending","implementations_plans/recommendations_implementation_plan_continue_task-v15.md;research_control/handoffs/handoff-0507.yaml"
"V15-R13","Return deliberately to EqSrc, RetainH, and GenH.","P5","P5-T01","P5-T02","research_control/tasks/<task_id>/artifacts/eqsrc_retainh_genh_dependency_audit_v1.tex","dependency audit receipt;post-audit selector receipt;research-control validation","false","planned_pending","implementations_plans/recommendations_implementation_plan_continue_task-v15.md;research_control/handoffs/handoff-0507.yaml"
"V15-R14","Do not let source-extension success replace derivation.","P6","P6-T01","P6-T02;P6-T03;P13-T01;P19-T01","research_control/design/source_extension_classification_checklist_v1.md","source-extension classification receipt;claim-language validation;coverage audit","false","planned_pending","implementations_plans/recommendations_implementation_plan_continue_task-v15.md;research_control/handoffs/handoff-0507.yaml"
"V15-R15","Create minimal countermodels when proofs fail.","P7","P7-T02","P2-T05;P7-T01;P15-T01;P15-T02","research_control/tasks/<task_id>/artifacts/matter_semantics_equivalence_theorem_refuter_stress_v1.tex;research_control/design/refuter_obstruction_schema_v1.md","Refuter stress receipt;countermodel fixture receipt;research-control validation","false","planned_pending","implementations_plans/recommendations_implementation_plan_continue_task-v15.md;research_control/handoffs/handoff-0507.yaml"
"V15-R16","Delay Einstein-equation work until dynamics/action prerequisites exist.","P8","P8-T01","P8-T02;P14-T01;P19-T01","research_control/design/einstein_equation_route_moratorium_v1.md","moratorium receipt;prerequisite validator;coverage audit","false","planned_pending","implementations_plans/recommendations_implementation_plan_continue_task-v15.md;research_control/handoffs/handoff-0507.yaml"
"V15-R17","Keep distance_to_gr_delta central.","P9","P9-T01","P9-T03;P19-T01;P19-T03","research_control/tasks/<task_id>/artifacts/v15_final_validation_report.json","physics-progress metrics receipt;coverage audit;final validation","false","planned_pending","implementations_plans/recommendations_implementation_plan_continue_task-v15.md;research_control/handoffs/handoff-0507.yaml"
"V15-R18","Add scientific payload density metric.","P9","P9-T02","P9-T03;P10-T02;P19-T03","research_control/tasks/<task_id>/artifacts/scientific_payload_density_metric_spec_v1.md","metrics integration receipt;final validation","false","planned_pending","implementations_plans/recommendations_implementation_plan_continue_task-v15.md;research_control/handoffs/handoff-0507.yaml"
"V15-R19","Strengthen route-orbit detection.","P10","P10-T01","P10-T02;P10-T03;P19-T03","research_control/design/route_signature_schema_v1.md","route extractor pilot receipt;freeze threshold policy receipt;final validation","false","planned_pending","implementations_plans/recommendations_implementation_plan_continue_task-v15.md;research_control/handoffs/handoff-0507.yaml"
"V15-R20","Make Refuter outputs more formal.","P7","P7-T01","P7-T02;P7-T03;P2-T05","research_control/design/refuter_obstruction_schema_v1.md","schema receipt;role/template update receipt;research-control validation","false","planned_pending","implementations_plans/recommendations_implementation_plan_continue_task-v15.md;research_control/handoffs/handoff-0507.yaml"
"V15-R21","Promote external red-team review before stronger adoption routes.","P16","P16-T01","P16-T02;P16-T03;P19-T01","research_control/design/external_red_team_packet_template_v1.md","red-team packet receipt;pilot receipt;selector receipt","false","planned_pending","implementations_plans/recommendations_implementation_plan_continue_task-v15.md;research_control/handoffs/handoff-0507.yaml"
"V15-R22","Run registry-consistency audit immediately.","P1","P1-T01","P1-T02;P19-T01","research_control/tasks/<task_id>/artifacts/active_state_registry_consistency_audit_v1.md","registry audit receipt;research-control validation;check-diff validation","false","planned_next","implementations_plans/recommendations_implementation_plan_continue_task-v15.md;research_control/handoffs/handoff-0507.yaml;research_control/handoffs/handoff-0508.yaml"
"V15-R23","Put registry consistency into CI.","P11","P11-T02","P11-T01;P11-T03;P19-T03","research_control/design/validation_command_inventory_v15.md","CI or local CI-equivalent receipt;documentation-impact validation;final validation","false","planned_pending","implementations_plans/recommendations_implementation_plan_continue_task-v15.md;research_control/handoffs/handoff-0507.yaml"
"V15-R24","Create a machine-readable claim graph.","P12","P12-T01","P12-T02;P12-T03;P19-T03","research_control/design/claim_graph_schema_v1.md","claim graph generator receipt;claim graph validation;final validation","false","planned_pending","implementations_plans/recommendations_implementation_plan_continue_task-v15.md;research_control/handoffs/handoff-0507.yaml"
"V15-R25","Eliminate bare accepted for high-risk rows.","P13","P13-T01","P13-T02;P13-T03;P19-T01","registries/CLAIM_BOUNDARY_REGISTRY.csv","claim-language validation;alias enforcement receipt;remediation receipt","false","planned_pending","implementations_plans/recommendations_implementation_plan_continue_task-v15.md;research_control/handoffs/handoff-0507.yaml"
"V15-R26","Make public docs simpler with what exists / what does not exist.","P14","P14-T01","P14-T02;P14-T03;P19-T02","research_control/design/public_status_exists_does_not_exist_source_spec.md","public status spec receipt;documentation-impact validation;current-frontier refresh","false","planned_pending","implementations_plans/recommendations_implementation_plan_continue_task-v15.md;research_control/handoffs/handoff-0507.yaml"
"V15-R27","Add proof-assistant pilots only for small kernels.","P15","P15-T01","P15-T02;P15-T03;P19-T01","research_control/tasks/<task_id>/artifacts/support_only_formalization_pilot.md","support-only scope selector;formalization pilot receipt;coverage audit","false","planned_pending","implementations_plans/recommendations_implementation_plan_continue_task-v15.md;research_control/handoffs/handoff-0507.yaml"
"V15-R28","Keep interpretation, model, derivation, and benchmark recovery separate.","P14","P14-T02","P14-T01;P18-T01;P18-T02;P18-T03","research_control/design/epistemic_category_glossary.md","glossary receipt;manuscript boundary receipt;claim-language validation","false","planned_pending","implementations_plans/recommendations_implementation_plan_continue_task-v15.md;research_control/handoffs/handoff-0507.yaml"
"V15-R29","Do not present AEther-flow as established ontology.","P14","P14-T01","P14-T02;P14-T03;P18-T03","research_control/design/public_status_exists_does_not_exist_source_spec.md","public-language guard receipt;claim-language validation;manuscript boundary receipt","false","planned_pending","implementations_plans/recommendations_implementation_plan_continue_task-v15.md;research_control/handoffs/handoff-0507.yaml"
"V15-R30","Publish negative results as first-class outputs.","P17","P17-T01","P17-T02;P17-T03;P19-T01","research_control/design/negative_result_inventory_v15.md","negative-result inventory receipt;publication brief receipt;coverage audit","false","planned_pending","implementations_plans/recommendations_implementation_plan_continue_task-v15.md;research_control/handoffs/handoff-0507.yaml"
"V15-R31","Prepare two manuscripts: physics program and AI methodology.","P18","P18-T01","P18-T02;P18-T03;P19-T01","research_control/tasks/<task_id>/artifacts/physics_manuscript_outline_v15.md;research_control/tasks/<task_id>/artifacts/ai_methodology_manuscript_outline_v15.md","manuscript outline receipts;shared glossary receipt;coverage audit","false","planned_pending","implementations_plans/recommendations_implementation_plan_continue_task-v15.md;research_control/handoffs/handoff-0507.yaml"
